envriroment,attractor,state,JMJD3,IRF4,HIF1a,ERK,IRF3,TRAF2,JNK,KLF4,SOCS1,PPARG,STAT3_IL6,STAT3_IL10,SOCS3,ISGF3,NFKB,AP1,IRF1,IRF7,STAT1,STAT5,STAT4,STAT6,Other,D1,FCGR,IL6R,TLR4,IL1R,IFNAR1,TNFR,IL10R,IFNGR,A2aR,CSF2Ra,IL4Ra,IL12R,IFNG_e,GMCSF_e,IL1B_e,IgG_e,LPS_e,Adenosine_e,EGFR_e,IL4_e,IL6_e,IL10_e,IFNb_e,TNFa_e,IL12_e,IFNb_low,IFNa_out,IFNG_out,IFNb_out,CXCL10_out,IL12_out,VEGF_out,IL6_out,IL10_out,TNFa_out,label,simply_label
pro-M1,1,1,0,0,0,1,1,0,1,0,0,0,0,1,1,1,0,1,0,1,0,0,1,0,1,1,0,0,1,0,1,0,1,1,0,1,0,1,1,1,0,0,1,0,0,0,0,0,0,0,1,0,1,1,1,1,0,0,0,1,0,M2c,M2c
pro-M1,2,1,0,0,0,1,1,0,1,0,0,0,0,1,1,1,0,1,0,1,0,0,1,0,1,1,0,0,1,0,1,0,1,1,0,1,0,1,1,1,0,0,1,0,0,0,0,0,1,0,1,0,1,1,1,1,0,0,0,1,0,M2c,M2c
pro-M1,3,1,0,0,0,1,1,0,1,0,0,0,0,1,1,1,0,1,0,1,0,0,0,0,1,1,0,0,1,0,1,0,1,1,0,1,0,0,1,1,0,0,1,0,0,0,0,0,0,0,0,0,1,0,1,1,0,0,0,1,0,M2c,M2c
pro-M1,4,1,0,0,0,1,1,0,1,0,0,0,0,1,1,1,0,1,0,1,0,0,0,0,1,1,0,0,1,0,1,0,1,1,0,1,0,0,1,1,0,0,1,0,0,0,0,0,1,0,0,0,1,0,1,1,0,0,0,1,0,M2c,M2c
pro-M1,5,1,1,1,0,1,1,0,1,0,0,0,0,1,1,1,0,1,0,1,0,0,0,0,1,1,0,0,1,0,1,0,1,1,0,1,0,0,1,1,0,0,1,0,0,0,0,0,0,0,0,0,1,0,1,1,0,0,0,1,0,M2c,M2c
pro-M1,6,1,1,1,0,1,1,0,1,0,0,0,0,1,1,1,0,1,0,1,0,0,0,0,1,1,0,0,1,0,1,0,1,1,0,1,0,0,1,1,0,0,1,0,0,0,0,0,1,0,0,0,1,0,1,1,0,0,0,1,0,M2c,M2c
pro-M1,7,1,1,1,0,1,1,0,1,0,0,0,0,1,1,1,0,1,0,1,0,0,1,0,1,1,0,0,1,0,1,0,1,1,0,1,0,1,1,1,0,0,1,0,0,0,0,0,0,0,1,0,1,1,1,1,0,0,0,1,0,M2c,M2c
pro-M1,8,1,1,1,0,1,1,0,1,0,0,0,0,1,1,1,0,1,0,1,0,0,1,0,1,1,0,0,1,0,1,0,1,1,0,1,0,1,1,1,0,0,1,0,0,0,0,0,1,0,1,0,1,1,1,1,0,0,0,1,0,M2c,M2c
pro-M1,9,1,1,1,0,1,1,1,1,0,0,0,0,1,1,1,0,1,1,1,0,0,1,0,1,1,0,0,1,0,1,1,1,1,0,1,0,1,1,1,0,0,1,0,0,0,0,0,0,1,1,0,1,1,1,1,0,0,0,1,0,M2c,M2c
pro-M1,10,1,1,1,0,1,1,1,1,0,0,0,0,1,1,1,0,1,1,1,0,0,1,0,1,1,0,0,1,0,1,1,1,1,0,1,0,1,1,1,0,0,1,0,0,0,0,0,1,1,1,0,1,1,1,1,0,0,0,1,0,M2c,M2c
pro-M1,11,1,1,1,0,1,1,1,1,0,0,0,0,1,1,1,0,1,1,1,0,0,0,0,1,1,0,0,1,0,1,1,1,1,0,1,0,0,1,1,0,0,1,0,0,0,0,0,0,1,0,0,1,0,1,1,0,0,0,1,0,M2c,M2c
pro-M1,12,1,1,1,0,1,1,1,1,0,0,0,0,1,1,1,0,1,1,1,0,0,0,0,1,1,0,0,1,0,1,1,1,1,0,1,0,0,1,1,0,0,1,0,0,0,0,0,1,1,0,0,1,0,1,1,0,0,0,1,0,M2c,M2c
pro-M1,13,1,0,0,0,1,1,1,1,0,0,0,0,1,1,1,0,1,1,1,0,0,0,0,1,1,0,0,1,0,1,1,1,1,0,1,0,0,1,1,0,0,1,0,0,0,0,0,0,1,0,0,1,0,1,1,0,0,0,1,0,M2c,M2c
pro-M1,14,1,0,0,0,1,1,1,1,0,0,0,0,1,1,1,0,1,1,1,0,0,0,0,1,1,0,0,1,0,1,1,1,1,0,1,0,0,1,1,0,0,1,0,0,0,0,0,1,1,0,0,1,0,1,1,0,0,0,1,0,M2c,M2c
pro-M1,15,1,0,0,0,1,1,1,1,0,0,0,0,1,1,1,0,1,1,1,0,0,1,0,1,1,0,0,1,0,1,1,1,1,0,1,0,1,1,1,0,0,1,0,0,0,0,0,0,1,1,0,1,1,1,1,0,0,0,1,0,M2c,M2c
pro-M1,16,1,0,0,0,1,1,1,1,0,0,0,0,1,1,1,0,1,1,1,0,0,1,0,1,1,0,0,1,0,1,1,1,1,0,1,0,1,1,1,0,0,1,0,0,0,0,0,1,1,1,0,1,1,1,1,0,0,0,1,0,M2c,M2c
pro-M1,17,1,0,0,1,1,1,0,1,0,1,0,1,0,0,1,0,1,0,1,1,0,1,0,1,1,0,1,1,0,1,0,0,1,0,1,0,1,1,1,0,0,1,0,1,0,0,0,1,0,0,0,1,1,1,1,1,0,1,0,0,M1M1IL10,M1M1IL10
pro-M1,18,1,0,0,1,1,1,0,1,0,1,0,1,0,0,1,0,1,0,1,1,0,1,0,1,1,0,1,1,0,1,0,0,1,0,1,0,1,1,1,0,0,1,0,1,0,0,0,1,0,1,0,1,1,1,1,1,0,1,0,0,M1M1IL10,M1M1IL10
pro-M1,19,1,0,0,1,1,1,0,1,0,1,0,1,0,0,1,0,1,0,1,1,0,1,0,1,1,0,1,1,0,1,0,0,1,0,1,0,1,1,1,0,0,1,0,1,0,0,0,0,0,0,0,1,1,1,1,1,0,1,0,0,M1M1IL10,M1M1IL10
pro-M1,20,1,0,0,1,1,1,0,1,0,1,0,1,0,0,1,0,1,0,1,1,0,1,0,1,1,0,1,1,0,1,0,0,1,0,1,0,1,1,1,0,0,1,0,1,0,0,0,0,0,1,0,1,1,1,1,1,0,1,0,0,M1M1IL10,M1M1IL10
pro-M1,21,1,0,0,1,1,1,1,1,0,1,0,1,0,0,1,0,1,1,1,1,0,1,0,1,1,0,1,1,0,1,1,0,1,0,1,0,1,1,1,0,0,1,0,1,0,0,0,0,1,0,0,1,1,1,1,1,0,1,0,0,M1M1IL10,M1M1IL10
pro-M1,22,1,0,0,1,1,1,1,1,0,1,0,1,0,0,1,0,1,1,1,1,0,1,0,1,1,0,1,1,0,1,1,0,1,0,1,0,1,1,1,0,0,1,0,1,0,0,0,0,1,1,0,1,1,1,1,1,0,1,0,0,M1M1IL10,M1M1IL10
pro-M1,23,1,0,0,1,1,1,1,1,0,1,0,1,0,0,1,0,1,1,1,1,0,1,0,1,1,0,1,1,0,1,1,0,1,0,1,0,1,1,1,0,0,1,0,1,0,0,0,1,1,0,0,1,1,1,1,1,0,1,0,0,M1M1IL10,M1M1IL10
pro-M1,24,1,0,0,1,1,1,1,1,0,1,0,1,0,0,1,0,1,1,1,1,0,1,0,1,1,0,1,1,0,1,1,0,1,0,1,0,1,1,1,0,0,1,0,1,0,0,0,1,1,1,0,1,1,1,1,1,0,1,0,0,M1M1IL10,M1M1IL10
pro-M1,25,1,1,1,1,1,1,1,1,0,1,0,1,0,0,1,0,1,1,1,1,0,1,0,1,1,0,1,1,0,1,1,0,1,0,1,0,1,1,1,0,0,1,0,1,0,0,0,1,1,0,0,1,1,1,1,1,0,1,0,0,M1M1IL10,M1M1IL10
pro-M1,26,1,1,1,1,1,1,1,1,0,1,0,1,0,0,1,0,1,1,1,1,0,1,0,1,1,0,1,1,0,1,1,0,1,0,1,0,1,1,1,0,0,1,0,1,0,0,0,1,1,1,0,1,1,1,1,1,0,1,0,0,M1M1IL10,M1M1IL10
pro-M1,27,1,1,1,1,1,1,1,1,0,1,0,1,0,0,1,0,1,1,1,1,0,1,0,1,1,0,1,1,0,1,1,0,1,0,1,0,1,1,1,0,0,1,0,1,0,0,0,0,1,0,0,1,1,1,1,1,0,1,0,0,M1M1IL10,M1M1IL10
pro-M1,28,1,1,1,1,1,1,1,1,0,1,0,1,0,0,1,0,1,1,1,1,0,1,0,1,1,0,1,1,0,1,1,0,1,0,1,0,1,1,1,0,0,1,0,1,0,0,0,0,1,1,0,1,1,1,1,1,0,1,0,0,M1M1IL10,M1M1IL10
pro-M1,29,1,1,1,1,1,1,0,1,0,1,0,1,0,0,1,0,1,0,1,1,0,1,0,1,1,0,1,1,0,1,0,0,1,0,1,0,1,1,1,0,0,1,0,1,0,0,0,0,0,0,0,1,1,1,1,1,0,1,0,0,M1M1IL10,M1M1IL10
pro-M1,30,1,1,1,1,1,1,0,1,0,1,0,1,0,0,1,0,1,0,1,1,0,1,0,1,1,0,1,1,0,1,0,0,1,0,1,0,1,1,1,0,0,1,0,1,0,0,0,1,0,0,0,1,1,1,1,1,0,1,0,0,M1M1IL10,M1M1IL10
pro-M1,31,1,1,1,1,1,1,0,1,0,1,0,1,0,0,1,0,1,0,1,1,0,1,0,1,1,0,1,1,0,1,0,0,1,0,1,0,1,1,1,0,0,1,0,1,0,0,0,1,0,1,0,1,1,1,1,1,0,1,0,0,M1M1IL10,M1M1IL10
pro-M1,32,1,1,1,1,1,1,0,1,0,1,0,1,0,0,1,0,1,0,1,1,0,1,0,1,1,0,1,1,0,1,0,0,1,0,1,0,1,1,1,0,0,1,0,1,0,0,0,0,0,1,0,1,1,1,1,1,0,1,0,0,M1M1IL10,M1M1IL10
pro-M2a,33,1,1,1,1,0,0,0,0,1,1,1,1,0,0,1,0,0,0,1,1,0,1,1,0,0,0,1,0,0,1,0,0,1,0,0,1,1,0,0,0,0,0,0,1,1,0,0,0,0,0,0,1,1,1,0,1,0,1,0,0,M1M1IL10,M1M1IL10
pro-M2a,34,1,1,1,1,0,0,0,0,1,1,1,1,0,0,1,0,0,0,1,1,0,1,1,0,0,0,1,0,0,1,0,0,1,0,0,1,1,0,0,0,0,0,0,1,1,0,0,1,0,0,0,1,1,1,0,1,0,1,0,0,M1M1IL10,M1M1IL10
pro-M2a,35,1,1,1,1,0,0,0,0,0,1,0,1,0,0,1,0,0,0,1,1,0,1,0,0,0,0,1,0,0,1,0,0,1,0,0,1,1,0,0,0,0,0,0,1,1,0,0,0,0,0,0,1,1,1,0,1,0,1,0,0,M1M1IL10,M1M1IL10
pro-M2a,36,1,1,1,1,0,0,0,0,0,1,0,1,0,0,1,0,0,0,1,1,0,1,0,0,0,0,1,0,0,1,0,0,1,0,0,1,1,0,0,0,0,0,0,1,1,0,0,1,0,0,0,1,1,1,0,1,0,1,0,0,M1M1IL10,M1M1IL10
pro-M2a,37,1,0,0,1,0,0,0,0,0,1,0,1,0,0,1,0,0,0,1,1,0,1,0,0,0,0,1,0,0,1,0,0,1,0,0,1,1,0,0,0,0,0,0,1,1,0,0,0,0,1,0,1,1,1,0,1,0,1,0,0,M1M1IL10,M1M1IL10
pro-M2a,38,1,0,0,1,0,0,0,0,0,1,0,1,0,0,1,0,0,0,1,1,0,1,0,0,0,0,1,0,0,1,0,0,1,0,0,1,1,0,0,0,0,0,0,1,1,0,0,1,0,1,0,1,1,1,0,1,0,1,0,0,M1M1IL10,M1M1IL10
pro-M2a,39,1,0,0,1,0,0,0,0,0,1,0,1,0,0,1,0,0,0,1,1,0,1,0,0,0,0,1,0,0,1,0,0,1,0,0,1,1,0,0,0,0,0,0,1,1,0,0,0,0,0,0,1,1,1,0,1,0,1,0,0,M1M1IL10,M1M1IL10
pro-M2a,40,1,0,0,1,0,0,0,0,0,1,0,1,0,0,1,0,0,0,1,1,0,1,0,0,0,0,1,0,0,1,0,0,1,0,0,1,1,0,0,0,0,0,0,1,1,0,0,1,0,0,0,1,1,1,0,1,0,1,0,0,M1M1IL10,M1M1IL10
pro-M2a,41,1,0,0,1,0,0,1,1,0,1,0,1,0,0,1,0,1,1,1,1,0,1,0,0,1,0,1,0,0,1,1,0,1,0,0,1,1,0,0,0,0,0,0,1,1,0,0,0,1,0,0,1,1,1,0,1,0,1,0,0,M1M1IL10,M1M1IL10
pro-M2a,42,1,0,0,1,0,0,1,1,0,1,0,1,0,0,1,0,1,1,1,1,0,1,0,0,1,0,1,0,0,1,1,0,1,0,0,1,1,0,0,0,0,0,0,1,1,0,0,1,1,0,0,1,1,1,0,1,0,1,0,0,M1M1IL10,M1M1IL10
pro-M2a,43,1,0,0,1,0,0,1,1,0,1,0,1,0,0,1,0,1,1,1,1,0,1,0,0,1,0,1,0,0,1,1,0,1,0,0,1,1,0,0,0,0,0,0,1,1,0,0,0,1,1,0,1,1,1,0,1,0,1,0,0,M1M1IL10,M1M1IL10
pro-M2a,44,1,0,0,1,0,0,1,1,0,1,0,1,0,0,1,0,1,1,1,1,0,1,0,0,1,0,1,0,0,1,1,0,1,0,0,1,1,0,0,0,0,0,0,1,1,0,0,1,1,1,0,1,1,1,0,1,0,1,0,0,M1M1IL10,M1M1IL10
pro-M2a,45,1,1,1,0,0,0,1,1,1,1,1,0,1,1,0,0,1,1,0,0,0,1,1,0,1,0,0,0,0,0,1,1,1,0,0,1,1,0,0,0,0,0,0,0,1,0,0,0,1,1,0,0,1,0,0,0,0,0,1,0,M2a,M2a
pro-M2a,46,1,1,1,0,0,0,1,1,1,1,1,0,1,1,0,0,1,1,0,0,0,0,1,0,1,0,0,0,0,0,1,1,0,0,0,1,0,0,0,0,0,0,0,0,1,0,0,0,1,0,0,0,0,0,0,0,0,0,1,0,M2a,M2a
pro-M2a,47,1,1,1,0,0,0,1,1,1,1,1,0,1,0,0,0,1,1,0,0,0,0,1,0,1,0,0,0,0,0,1,1,0,0,0,1,0,0,0,0,0,0,0,1,1,0,0,0,1,0,0,0,0,0,0,0,0,0,1,0,M2a,M2a
pro-M2a,48,1,1,1,0,0,0,1,1,1,1,1,0,1,0,0,0,1,1,0,0,0,1,1,0,1,0,0,0,0,0,1,1,1,0,0,1,1,0,0,0,0,0,0,1,1,0,0,0,1,1,0,0,1,0,0,0,0,0,1,0,M2a,M2a
pro-M2a,49,1,1,1,0,0,0,0,0,1,1,1,0,1,0,0,0,0,0,0,0,0,1,1,0,0,0,0,0,0,0,0,1,1,0,0,1,1,0,0,0,0,0,0,1,1,0,0,0,0,1,0,0,1,0,0,0,0,0,1,0,M2a,M2a
pro-M2a,50,1,1,1,0,0,0,0,0,1,1,1,0,1,0,0,0,0,0,0,0,0,0,1,0,0,0,0,0,0,0,0,1,0,0,0,1,0,0,0,0,0,0,0,1,1,0,0,0,0,0,0,0,0,0,0,0,0,0,1,0,M2a,M2a
pro-M2a,51,1,1,1,0,0,0,0,0,1,1,1,0,1,1,0,0,0,0,0,0,0,0,1,0,0,0,0,0,0,0,0,1,0,0,0,1,0,0,0,0,0,0,0,0,1,0,0,0,0,0,0,0,0,0,0,0,0,0,1,0,M2a,M2a
pro-M2a,52,1,1,1,0,0,0,0,0,1,1,1,0,1,1,0,0,0,0,0,0,0,1,1,0,0,0,0,0,0,0,0,1,1,0,0,1,1,0,0,0,0,0,0,0,1,0,0,0,0,1,0,0,1,0,0,0,0,0,1,0,M2a,M2a
pro-M2a,53,1,1,1,0,0,0,0,0,1,1,1,0,1,1,1,0,0,0,1,0,0,1,1,0,0,0,0,0,0,1,0,1,1,0,0,1,1,0,0,0,0,0,0,0,1,0,0,0,0,1,0,1,1,1,0,0,0,0,1,0,M2a,M2a
pro-M2a,54,1,1,1,0,0,0,0,0,1,1,1,0,1,1,1,0,0,0,1,0,0,1,1,0,0,0,0,0,0,1,0,1,1,0,0,1,1,0,0,0,0,0,0,0,1,0,0,1,0,1,0,1,1,1,0,0,0,0,1,0,M2a,M2a
pro-M2a,55,1,1,1,0,0,0,0,0,1,1,1,0,1,1,1,0,0,0,1,0,0,0,1,0,0,0,0,0,0,1,0,1,0,0,0,1,0,0,0,0,0,0,0,0,1,0,0,0,0,0,0,1,0,1,0,0,0,0,1,0,M2a,M2a
pro-M2a,56,1,1,1,0,0,0,0,0,1,1,1,0,1,1,1,0,0,0,1,0,0,0,1,0,0,0,0,0,0,1,0,1,0,0,0,1,0,0,0,0,0,0,0,0,1,0,0,1,0,0,0,1,0,1,0,0,0,0,1,0,M2a,M2a
pro-M2a,57,1,1,1,0,0,0,0,0,1,1,1,0,1,0,1,0,0,0,1,0,0,0,1,0,0,0,0,0,0,1,0,1,0,0,0,1,0,0,0,0,0,0,0,1,1,0,0,0,0,0,0,1,0,1,0,0,0,0,1,0,M2a,M2a
pro-M2a,58,1,1,1,0,0,0,0,0,1,1,1,0,1,0,1,0,0,0,1,0,0,0,1,0,0,0,0,0,0,1,0,1,0,0,0,1,0,0,0,0,0,0,0,1,1,0,0,1,0,0,0,1,0,1,0,0,0,0,1,0,M2a,M2a
pro-M2a,59,1,1,1,0,0,0,0,0,1,1,1,0,1,0,1,0,0,0,1,0,0,1,1,0,0,0,0,0,0,1,0,1,1,0,0,1,1,0,0,0,0,0,0,1,1,0,0,0,0,1,0,1,1,1,0,0,0,0,1,0,M2a,M2a
pro-M2a,60,1,1,1,0,0,0,0,0,1,1,1,0,1,0,1,0,0,0,1,0,0,1,1,0,0,0,0,0,0,1,0,1,1,0,0,1,1,0,0,0,0,0,0,1,1,0,0,1,0,1,0,1,1,1,0,0,0,0,1,0,M2a,M2a
pro-M2a,61,1,1,1,0,0,0,1,1,1,1,1,0,1,0,1,0,1,1,1,0,0,1,1,0,1,0,0,0,0,1,1,1,1,0,0,1,1,0,0,0,0,0,0,1,1,0,0,0,1,1,0,1,1,1,0,0,0,0,1,0,M2a,M2a
pro-M2a,62,1,1,1,0,0,0,1,1,1,1,1,0,1,0,1,0,1,1,1,0,0,1,1,0,1,0,0,0,0,1,1,1,1,0,0,1,1,0,0,0,0,0,0,1,1,0,0,1,1,1,0,1,1,1,0,0,0,0,1,0,M2a,M2a
pro-M2a,63,1,1,1,0,0,0,1,1,1,1,1,0,1,0,1,0,1,1,1,0,0,0,1,0,1,0,0,0,0,1,1,1,0,0,0,1,0,0,0,0,0,0,0,1,1,0,0,0,1,0,0,1,0,1,0,0,0,0,1,0,M2a,M2a
pro-M2a,64,1,1,1,0,0,0,1,1,1,1,1,0,1,0,1,0,1,1,1,0,0,0,1,0,1,0,0,0,0,1,1,1,0,0,0,1,0,0,0,0,0,0,0,1,1,0,0,1,1,0,0,1,0,1,0,0,0,0,1,0,M2a,M2a
pro-M2a,65,1,1,1,0,0,0,1,1,1,1,1,0,1,1,1,0,1,1,1,0,0,0,1,0,1,0,0,0,0,1,1,1,0,0,0,1,0,0,0,0,0,0,0,0,1,0,0,0,1,0,0,1,0,1,0,0,0,0,1,0,M2a,M2a
pro-M2a,66,1,1,1,0,0,0,1,1,1,1,1,0,1,1,1,0,1,1,1,0,0,0,1,0,1,0,0,0,0,1,1,1,0,0,0,1,0,0,0,0,0,0,0,0,1,0,0,1,1,0,0,1,0,1,0,0,0,0,1,0,M2a,M2a
pro-M2a,67,1,1,1,0,0,0,1,1,1,1,1,0,1,1,1,0,1,1,1,0,0,1,1,0,1,0,0,0,0,1,1,1,1,0,0,1,1,0,0,0,0,0,0,0,1,0,0,0,1,1,0,1,1,1,0,0,0,0,1,0,M2a,M2a
pro-M2a,68,1,1,1,0,0,0,1,1,1,1,1,0,1,1,1,0,1,1,1,0,0,1,1,0,1,0,0,0,0,1,1,1,1,0,0,1,1,0,0,0,0,0,0,0,1,0,0,1,1,1,0,1,1,1,0,0,0,0,1,0,M2a,M2a
pro-M2a,69,1,1,1,1,0,0,1,1,0,1,0,1,0,0,1,0,1,1,1,1,0,1,0,0,1,0,1,0,0,1,1,0,1,0,0,1,1,0,0,0,0,0,0,1,1,0,0,1,1,1,0,1,1,1,0,1,0,1,0,0,M1M1IL10,M1M1IL10
pro-M2a,70,1,1,1,1,0,0,1,1,0,1,0,1,0,0,1,0,1,1,1,1,0,1,0,0,1,0,1,0,0,1,1,0,1,0,0,1,1,0,0,0,0,0,0,1,1,0,0,1,1,0,0,1,1,1,0,1,0,1,0,0,M1M1IL10,M1M1IL10
pro-M2a,71,1,1,1,1,0,0,1,1,0,1,0,1,0,0,1,0,1,1,1,1,0,1,0,0,1,0,1,0,0,1,1,0,1,0,0,1,1,0,0,0,0,0,0,1,1,0,0,0,1,1,0,1,1,1,0,1,0,1,0,0,M1M1IL10,M1M1IL10
pro-M2a,72,1,1,1,1,0,0,1,1,0,1,0,1,0,0,1,0,1,1,1,1,0,1,0,0,1,0,1,0,0,1,1,0,1,0,0,1,1,0,0,0,0,0,0,1,1,0,0,0,1,0,0,1,1,1,0,1,0,1,0,0,M1M1IL10,M1M1IL10
pro-M2a,73,1,1,1,1,0,0,1,1,1,1,1,1,0,0,1,0,1,1,1,1,0,1,1,0,1,0,1,0,0,1,1,0,1,0,0,1,1,0,0,0,0,0,0,1,1,0,0,1,1,0,0,1,1,1,0,1,0,1,0,0,M1M1IL10,M1M1IL10
pro-M2a,74,1,1,1,1,0,0,1,1,1,1,1,1,0,0,1,0,1,1,1,1,0,1,1,0,1,0,1,0,0,1,1,0,1,0,0,1,1,0,0,0,0,0,0,1,1,0,0,0,1,0,0,1,1,1,0,1,0,1,0,0,M1M1IL10,M1M1IL10
pro-M2a,75,1,1,1,1,0,0,1,1,1,1,1,1,0,0,1,0,1,1,1,1,0,1,1,0,1,0,1,0,0,1,1,0,1,0,0,1,1,0,0,0,0,0,0,1,1,0,0,1,1,1,0,1,1,1,0,1,0,1,0,0,M1M1IL10,M1M1IL10
pro-M2a,76,1,1,1,1,0,0,1,1,1,1,1,1,0,0,1,0,1,1,1,1,0,1,1,0,1,0,1,0,0,1,1,0,1,0,0,1,1,0,0,0,0,0,0,1,1,0,0,0,1,1,0,1,1,1,0,1,0,1,0,0,M1M1IL10,M1M1IL10
pro-M2a,77,1,1,1,1,0,0,0,0,0,1,0,1,0,0,1,0,0,0,1,1,0,1,0,0,0,0,1,0,0,1,0,0,1,0,0,1,1,0,0,0,0,0,0,1,1,0,0,1,0,1,0,1,1,1,0,1,0,1,0,0,M1M1IL10,M1M1IL10
pro-M2a,78,1,1,1,1,0,0,0,0,1,1,1,1,0,0,1,0,0,0,1,1,0,1,1,0,0,0,1,0,0,1,0,0,1,0,0,1,1,0,0,0,0,0,0,1,1,0,0,1,0,1,0,1,1,1,0,1,0,1,0,0,M1M1IL10,M1M1IL10
pro-M2a,79,1,1,1,1,0,0,0,0,1,1,1,1,0,0,1,0,0,0,1,1,0,1,1,0,0,0,1,0,0,1,0,0,1,0,0,1,1,0,0,0,0,0,0,1,1,0,0,0,0,1,0,1,1,1,0,1,0,1,0,0,M1M1IL10,M1M1IL10
pro-M2a,80,1,1,1,1,0,0,0,0,0,1,0,1,0,0,1,0,0,0,1,1,0,1,0,0,0,0,1,0,0,1,0,0,1,0,0,1,1,0,0,0,0,0,0,1,1,0,0,0,0,1,0,1,1,1,0,1,0,1,0,0,M1M1IL10,M1M1IL10
pro-M2a,81,1,1,1,0,0,0,0,0,1,1,1,0,1,0,1,0,0,0,0,0,0,0,1,0,0,0,0,0,0,0,0,1,0,0,0,1,0,0,0,0,0,0,0,1,1,0,0,0,0,0,0,1,0,1,0,0,0,0,1,0,M2a/M2a,M2a*
pro-M2a,81,2,1,1,0,0,0,0,0,1,1,1,0,1,0,0,0,0,0,1,0,0,0,1,0,0,0,0,0,0,1,0,1,0,0,0,1,0,0,0,0,0,0,0,1,1,0,0,0,0,0,0,0,0,0,0,0,0,0,1,0,M2a/M2a,M2a*
pro-M2a,82,1,1,1,0,0,0,0,0,1,1,1,0,1,0,1,0,0,0,0,0,0,1,1,0,0,0,0,0,0,0,0,1,1,0,0,1,1,0,0,0,0,0,0,1,1,0,0,0,0,1,0,1,1,1,0,0,0,0,1,0,M2a/M2a,M2a*
pro-M2a,82,2,1,1,0,0,0,0,0,1,1,1,0,1,0,0,0,0,0,1,0,0,1,1,0,0,0,0,0,0,1,0,1,1,0,0,1,1,0,0,0,0,0,0,1,1,0,0,0,0,1,0,0,1,0,0,0,0,0,1,0,M2a/M2a,M2a*
pro-M2a,83,1,1,1,0,0,0,0,0,1,1,1,0,1,1,1,0,0,0,0,0,0,1,1,0,0,0,0,0,0,0,0,1,1,0,0,1,1,0,0,0,0,0,0,0,1,0,0,0,0,1,0,1,1,1,0,0,0,0,1,0,M2a/M2a,M2a*
pro-M2a,83,2,1,1,0,0,0,0,0,1,1,1,0,1,1,0,0,0,0,1,0,0,1,1,0,0,0,0,0,0,1,0,1,1,0,0,1,1,0,0,0,0,0,0,0,1,0,0,0,0,1,0,0,1,0,0,0,0,0,1,0,M2a/M2a,M2a*
pro-M2a,84,1,1,1,0,0,0,0,0,1,1,1,0,1,1,1,0,0,0,0,0,0,0,1,0,0,0,0,0,0,0,0,1,0,0,0,1,0,0,0,0,0,0,0,0,1,0,0,0,0,0,0,1,0,1,0,0,0,0,1,0,M2a/M2a,M2a*
pro-M2a,84,2,1,1,0,0,0,0,0,1,1,1,0,1,1,0,0,0,0,1,0,0,0,1,0,0,0,0,0,0,1,0,1,0,0,0,1,0,0,0,0,0,0,0,0,1,0,0,0,0,0,0,0,0,0,0,0,0,0,1,0,M2a/M2a,M2a*
pro-M2a,85,1,1,1,0,0,0,1,1,1,1,1,0,1,1,1,0,1,1,0,0,0,0,1,0,1,0,0,0,0,0,1,1,0,0,0,1,0,0,0,0,0,0,0,0,1,0,0,0,1,0,0,1,0,1,0,0,0,0,1,0,M2a/M2a,M2a*
pro-M2a,85,2,1,1,0,0,0,1,1,1,1,1,0,1,1,0,0,1,1,1,0,0,0,1,0,1,0,0,0,0,1,1,1,0,0,0,1,0,0,0,0,0,0,0,0,1,0,0,0,1,0,0,0,0,0,0,0,0,0,1,0,M2a/M2a,M2a*
pro-M2a,86,1,1,1,0,0,0,1,1,1,1,1,0,1,1,1,0,1,1,0,0,0,1,1,0,1,0,0,0,0,0,1,1,1,0,0,1,1,0,0,0,0,0,0,0,1,0,0,0,1,1,0,1,1,1,0,0,0,0,1,0,M2a/M2a,M2a*
pro-M2a,86,2,1,1,0,0,0,1,1,1,1,1,0,1,1,0,0,1,1,1,0,0,1,1,0,1,0,0,0,0,1,1,1,1,0,0,1,1,0,0,0,0,0,0,0,1,0,0,0,1,1,0,0,1,0,0,0,0,0,1,0,M2a/M2a,M2a*
pro-M2a,87,1,1,1,0,0,0,1,1,1,1,1,0,1,0,1,0,1,1,0,0,0,1,1,0,1,0,0,0,0,0,1,1,1,0,0,1,1,0,0,0,0,0,0,1,1,0,0,0,1,1,0,1,1,1,0,0,0,0,1,0,M2a/M2a,M2a*
pro-M2a,87,2,1,1,0,0,0,1,1,1,1,1,0,1,0,0,0,1,1,1,0,0,1,1,0,1,0,0,0,0,1,1,1,1,0,0,1,1,0,0,0,0,0,0,1,1,0,0,0,1,1,0,0,1,0,0,0,0,0,1,0,M2a/M2a,M2a*
pro-M2a,88,1,1,1,0,0,0,1,1,1,1,1,0,1,0,1,0,1,1,0,0,0,0,1,0,1,0,0,0,0,0,1,1,0,0,0,1,0,0,0,0,0,0,0,1,1,0,0,0,1,0,0,1,0,1,0,0,0,0,1,0,M2a/M2a,M2a*
pro-M2a,88,2,1,1,0,0,0,1,1,1,1,1,0,1,0,0,0,1,1,1,0,0,0,1,0,1,0,0,0,0,1,1,1,0,0,0,1,0,0,0,0,0,0,0,1,1,0,0,0,1,0,0,0,0,0,0,0,0,0,1,0,M2a/M2a,M2a*
pro-M2b,89,1,1,1,1,1,0,1,1,0,0,0,1,0,0,1,1,1,1,1,0,0,0,0,0,1,1,1,0,1,1,1,1,0,0,0,0,0,0,0,1,1,1,0,1,0,0,0,0,0,0,1,1,0,1,0,0,1,1,1,1,M2,M2
pro-M2b,90,1,1,1,1,1,0,1,1,0,0,0,1,0,0,1,1,1,1,1,0,0,0,0,0,1,1,1,0,1,1,1,1,0,0,0,0,0,0,0,1,1,1,0,1,0,0,0,0,1,0,1,1,0,1,0,0,1,1,1,1,M2,M2
pro-M2b,91,1,1,1,1,1,0,1,1,0,0,0,1,0,0,1,1,1,1,1,0,0,0,0,0,1,1,1,0,1,1,1,1,0,0,0,0,0,0,0,1,1,1,0,1,0,0,0,1,0,0,1,1,0,1,0,0,1,1,1,1,M2,M2
pro-M2b,92,1,1,1,1,1,0,1,1,0,0,0,1,0,0,1,1,1,1,1,0,0,0,0,0,1,1,1,0,1,1,1,1,0,0,0,0,0,0,0,1,1,1,0,1,0,0,0,1,1,0,1,1,0,1,0,0,1,1,1,1,M2,M2
pro-M2b,93,1,0,0,1,1,0,1,1,0,0,0,1,0,0,1,1,1,1,1,0,0,0,0,0,1,1,1,0,1,1,1,1,0,0,0,0,0,0,0,1,1,1,0,1,0,0,0,1,0,0,1,1,0,1,0,0,1,1,1,1,M2,M2
pro-M2b,94,1,0,0,1,1,0,1,1,0,0,0,1,0,0,1,1,1,1,1,0,0,0,0,0,1,1,1,0,1,1,1,1,0,0,0,0,0,0,0,1,1,1,0,1,0,0,0,1,1,0,1,1,0,1,0,0,1,1,1,1,M2,M2
pro-M2b,95,1,0,0,1,1,0,1,1,0,0,0,1,0,0,1,1,1,1,1,0,0,0,0,0,1,1,1,0,1,1,1,1,0,0,0,0,0,0,0,1,1,1,0,1,0,0,0,0,0,0,1,1,0,1,0,0,1,1,1,1,M2,M2
pro-M2b,96,1,0,0,1,1,0,1,1,0,0,0,1,0,0,1,1,1,1,1,0,0,0,0,0,1,1,1,0,1,1,1,1,0,0,0,0,0,0,0,1,1,1,0,1,0,0,0,0,1,0,1,1,0,1,0,0,1,1,1,1,M2,M2
pro-M2b,97,1,0,0,1,1,0,1,1,0,1,0,1,0,0,1,0,1,1,1,1,0,1,0,0,1,1,1,0,1,1,1,0,1,0,0,0,1,0,0,1,1,1,0,1,0,0,0,0,1,1,0,1,1,1,0,1,0,1,0,0,M1M1IL10,M1M1IL10
pro-M2b,98,1,0,0,1,1,0,1,1,0,1,0,1,0,0,1,0,1,1,1,1,0,1,0,0,1,1,1,0,1,1,1,0,1,0,0,0,1,0,0,1,1,1,0,1,0,0,0,0,1,0,0,1,1,1,0,1,0,1,0,0,M1M1IL10,M1M1IL10
pro-M2b,99,1,0,0,1,1,0,1,1,0,1,0,1,0,0,1,0,1,1,1,1,0,1,0,0,1,1,1,0,1,1,1,0,1,0,0,0,1,0,0,1,1,1,0,1,0,0,0,1,1,1,0,1,1,1,0,1,0,1,0,0,M1M1IL10,M1M1IL10
pro-M2b,100,1,0,0,1,1,0,1,1,0,1,0,1,0,0,1,0,1,1,1,1,0,1,0,0,1,1,1,0,1,1,1,0,1,0,0,0,1,0,0,1,1,1,0,1,0,0,0,1,1,0,0,1,1,1,0,1,0,1,0,0,M1M1IL10,M1M1IL10
pro-M2b,101,1,1,1,1,1,0,1,1,0,1,0,1,0,0,1,0,1,1,1,1,0,1,0,0,1,1,1,0,1,1,1,0,1,0,0,0,1,0,0,1,1,1,0,1,0,0,0,1,1,1,0,1,1,1,0,1,0,1,0,0,M1M1IL10,M1M1IL10
pro-M2b,102,1,1,1,1,1,0,1,1,0,1,0,1,0,0,1,0,1,1,1,1,0,1,0,0,1,1,1,0,1,1,1,0,1,0,0,0,1,0,0,1,1,1,0,1,0,0,0,1,1,0,0,1,1,1,0,1,0,1,0,0,M1M1IL10,M1M1IL10
pro-M2b,103,1,1,1,1,1,0,1,1,0,1,0,1,0,0,1,0,1,1,1,1,0,1,0,0,1,1,1,0,1,1,1,0,1,0,0,0,1,0,0,1,1,1,0,1,0,0,0,0,1,1,0,1,1,1,0,1,0,1,0,0,M1M1IL10,M1M1IL10
pro-M2b,104,1,1,1,1,1,0,1,1,0,1,0,1,0,0,1,0,1,1,1,1,0,1,0,0,1,1,1,0,1,1,1,0,1,0,0,0,1,0,0,1,1,1,0,1,0,0,0,0,1,0,0,1,1,1,0,1,0,1,0,0,M1M1IL10,M1M1IL10
pro-M2b,105,1,1,1,1,1,0,0,0,0,1,0,1,0,0,1,0,0,0,1,1,0,1,0,0,1,1,1,0,1,1,0,0,1,0,0,0,1,0,0,1,1,1,0,1,0,0,0,0,0,0,0,1,1,1,0,1,0,1,0,0,M1M1IL10,M1M1IL10
pro-M2b,106,1,1,1,1,1,0,0,0,0,1,0,1,0,0,1,0,0,0,1,1,0,1,0,0,1,1,1,0,1,1,0,0,1,0,0,0,1,0,0,1,1,1,0,1,0,0,0,1,0,0,0,1,1,1,0,1,0,1,0,0,M1M1IL10,M1M1IL10
pro-M2b,107,1,1,1,1,1,0,0,0,0,1,0,1,0,0,1,0,0,0,1,1,0,1,0,0,1,1,1,0,1,1,0,0,1,0,0,0,1,0,0,1,1,1,0,1,0,0,0,1,0,1,0,1,1,1,0,1,0,1,0,0,M1M1IL10,M1M1IL10
pro-M2b,108,1,0,0,1,1,0,0,0,0,1,0,1,0,0,1,0,0,0,1,1,0,1,0,0,1,1,1,0,1,1,0,0,1,0,0,0,1,0,0,1,1,1,0,1,0,0,0,1,0,0,0,1,1,1,0,1,0,1,0,0,M1M1IL10,M1M1IL10
pro-M2b,109,1,0,0,1,1,0,0,0,0,1,0,1,0,0,1,0,0,0,1,1,0,1,0,0,1,1,1,0,1,1,0,0,1,0,0,0,1,0,0,1,1,1,0,1,0,0,0,1,0,1,0,1,1,1,0,1,0,1,0,0,M1M1IL10,M1M1IL10
pro-M2b,110,1,0,0,1,1,0,0,0,0,1,0,1,0,0,1,0,0,0,1,1,0,1,0,0,1,1,1,0,1,1,0,0,1,0,0,0,1,0,0,1,1,1,0,1,0,0,0,0,0,0,0,1,1,1,0,1,0,1,0,0,M1M1IL10,M1M1IL10
pro-M2b,111,1,0,0,1,1,0,0,0,0,1,0,1,0,0,1,0,0,0,1,1,0,1,0,0,1,1,1,0,1,1,0,0,1,0,0,0,1,0,0,1,1,1,0,1,0,0,0,0,0,1,0,1,1,1,0,1,0,1,0,0,M1M1IL10,M1M1IL10
pro-M2b,112,1,1,1,1,1,0,0,0,0,1,0,1,0,0,1,0,0,0,1,1,0,1,0,0,1,1,1,0,1,1,0,0,1,0,0,0,1,0,0,1,1,1,0,1,0,0,0,0,0,1,0,1,1,1,0,1,0,1,0,0,M1M1IL10,M1M1IL10
pro-M2b,113,1,1,1,0,1,0,1,1,0,0,0,1,0,0,1,1,1,1,1,0,0,0,0,0,1,1,0,0,1,1,1,1,0,0,0,0,0,0,0,1,1,1,0,0,0,0,0,0,0,0,1,1,0,1,0,0,1,1,1,1,M2/M2b,M2b*
pro-M2b,113,2,1,1,1,1,0,1,1,0,0,0,0,0,1,1,1,1,1,1,0,0,0,0,0,1,1,1,0,1,1,1,1,0,0,0,0,0,0,0,1,1,1,0,0,0,0,0,0,0,0,1,1,0,1,0,0,0,1,1,1,M2/M2b,M2b*
pro-M2b,114,1,1,1,0,1,0,1,1,0,0,0,1,0,0,1,1,1,1,1,0,0,0,0,0,1,1,0,0,1,1,1,1,0,0,0,0,0,0,0,1,1,1,0,0,0,0,0,0,1,0,1,1,0,1,0,0,1,1,1,1,M2/M2b,M2b*
pro-M2b,114,2,1,1,1,1,0,1,1,0,0,0,0,0,1,1,1,1,1,1,0,0,0,0,0,1,1,1,0,1,1,1,1,0,0,0,0,0,0,0,1,1,1,0,0,0,0,0,0,1,0,1,1,0,1,0,0,0,1,1,1,M2/M2b,M2b*
pro-M2b,115,1,1,1,0,1,0,1,1,0,0,0,1,0,0,1,1,1,1,1,0,0,0,0,0,1,1,0,0,1,1,1,1,0,0,0,0,0,0,0,1,1,1,0,0,0,0,0,1,0,0,1,1,0,1,0,0,1,1,1,1,M2/M2b,M2b*
pro-M2b,115,2,1,1,1,1,0,1,1,0,0,0,0,0,1,1,1,1,1,1,0,0,0,0,0,1,1,1,0,1,1,1,1,0,0,0,0,0,0,0,1,1,1,0,0,0,0,0,1,0,0,1,1,0,1,0,0,0,1,1,1,M2/M2b,M2b*
pro-M2b,116,1,1,1,0,1,0,1,1,0,0,0,1,0,0,1,1,1,1,1,0,0,0,0,0,1,1,0,0,1,1,1,1,0,0,0,0,0,0,0,1,1,1,0,0,0,0,0,1,1,0,1,1,0,1,0,0,1,1,1,1,M2/M2b,M2b*
pro-M2b,116,2,1,1,1,1,0,1,1,0,0,0,0,0,1,1,1,1,1,1,0,0,0,0,0,1,1,1,0,1,1,1,1,0,0,0,0,0,0,0,1,1,1,0,0,0,0,0,1,1,0,1,1,0,1,0,0,0,1,1,1,M2/M2b,M2b*
pro-M2b,117,1,0,0,0,1,0,1,1,0,0,0,1,0,0,1,1,1,1,1,0,0,0,0,0,1,1,0,0,1,1,1,1,0,0,0,0,0,0,0,1,1,1,0,0,0,0,0,1,0,0,1,1,0,1,0,0,1,1,1,1,M2/M2b,M2b*
pro-M2b,117,2,0,0,1,1,0,1,1,0,0,0,0,0,1,1,1,1,1,1,0,0,0,0,0,1,1,1,0,1,1,1,1,0,0,0,0,0,0,0,1,1,1,0,0,0,0,0,1,0,0,1,1,0,1,0,0,0,1,1,1,M2/M2b,M2b*
pro-M2b,118,1,0,0,0,1,0,1,1,0,0,0,1,0,0,1,1,1,1,1,0,0,0,0,0,1,1,0,0,1,1,1,1,0,0,0,0,0,0,0,1,1,1,0,0,0,0,0,1,1,0,1,1,0,1,0,0,1,1,1,1,M2/M2b,M2b*
pro-M2b,118,2,0,0,1,1,0,1,1,0,0,0,0,0,1,1,1,1,1,1,0,0,0,0,0,1,1,1,0,1,1,1,1,0,0,0,0,0,0,0,1,1,1,0,0,0,0,0,1,1,0,1,1,0,1,0,0,0,1,1,1,M2/M2b,M2b*
pro-M2b,119,1,0,0,0,1,0,1,1,0,0,0,1,0,0,1,1,1,1,1,0,0,0,0,0,1,1,0,0,1,1,1,1,0,0,0,0,0,0,0,1,1,1,0,0,0,0,0,0,0,0,1,1,0,1,0,0,1,1,1,1,M2/M2b,M2b*
pro-M2b,119,2,0,0,1,1,0,1,1,0,0,0,0,0,1,1,1,1,1,1,0,0,0,0,0,1,1,1,0,1,1,1,1,0,0,0,0,0,0,0,1,1,1,0,0,0,0,0,0,0,0,1,1,0,1,0,0,0,1,1,1,M2/M2b,M2b*
pro-M2b,120,1,0,0,0,1,0,1,1,0,0,0,1,0,0,1,1,1,1,1,0,0,0,0,0,1,1,0,0,1,1,1,1,0,0,0,0,0,0,0,1,1,1,0,0,0,0,0,0,1,0,1,1,0,1,0,0,1,1,1,1,M2/M2b,M2b*
pro-M2b,120,2,0,0,1,1,0,1,1,0,0,0,0,0,1,1,1,1,1,1,0,0,0,0,0,1,1,1,0,1,1,1,1,0,0,0,0,0,0,0,1,1,1,0,0,0,0,0,0,1,0,1,1,0,1,0,0,0,1,1,1,M2/M2b,M2b*
pro-M2b,121,1,1,1,1,1,0,1,1,0,0,0,0,0,0,1,0,1,1,1,0,0,0,0,0,1,1,1,0,1,1,1,0,1,0,0,0,1,0,0,1,1,1,0,1,0,0,0,0,1,0,1,1,0,1,0,0,1,1,1,1,M2d/M2/M1M1IL10,M1M1IL10/M2/M2d*
pro-M2b,121,2,1,1,0,1,0,1,1,0,0,0,1,0,0,1,1,1,1,1,1,0,1,0,0,1,1,1,0,1,1,1,1,0,0,0,0,0,0,0,1,1,1,0,1,0,0,0,0,1,0,0,1,0,1,0,0,1,0,1,0,M2d/M2/M1M1IL10,M1M1IL10/M2/M2d*
pro-M2b,121,3,1,1,1,1,0,1,1,0,1,0,1,0,0,1,1,1,1,1,0,0,0,0,0,1,1,0,0,1,1,1,1,0,0,0,0,0,0,0,1,1,1,0,1,0,0,0,0,1,0,1,1,1,1,0,1,0,1,0,1,M2d/M2/M1M1IL10,M1M1IL10/M2/M2d*
pro-M2b,122,1,1,1,1,1,0,1,1,0,0,0,0,0,0,1,0,1,1,1,0,0,0,0,0,1,1,1,0,1,1,1,0,1,0,0,0,1,0,0,1,1,1,0,1,0,0,0,1,1,0,1,1,0,1,0,0,1,1,1,1,M2d/M2/M1M1IL10,M1M1IL10/M2/M2d*
pro-M2b,122,2,1,1,0,1,0,1,1,0,0,0,1,0,0,1,1,1,1,1,1,0,1,0,0,1,1,1,0,1,1,1,1,0,0,0,0,0,0,0,1,1,1,0,1,0,0,0,1,1,0,0,1,0,1,0,0,1,0,1,0,M2d/M2/M1M1IL10,M1M1IL10/M2/M2d*
pro-M2b,122,3,1,1,1,1,0,1,1,0,1,0,1,0,0,1,1,1,1,1,0,0,0,0,0,1,1,0,0,1,1,1,1,0,0,0,0,0,0,0,1,1,1,0,1,0,0,0,1,1,0,1,1,1,1,0,1,0,1,0,1,M2d/M2/M1M1IL10,M1M1IL10/M2/M2d*
pro-M2b,123,1,0,0,1,1,0,1,1,0,0,0,0,0,0,1,0,1,1,1,0,0,0,0,0,1,1,1,0,1,1,1,0,1,0,0,0,1,0,0,1,1,1,0,1,0,0,0,0,1,0,1,1,0,1,0,0,1,1,1,1,M2d/M2/M1M1IL10,M1M1IL10/M2/M2d*
pro-M2b,123,2,0,0,0,1,0,1,1,0,0,0,1,0,0,1,1,1,1,1,1,0,1,0,0,1,1,1,0,1,1,1,1,0,0,0,0,0,0,0,1,1,1,0,1,0,0,0,0,1,0,0,1,0,1,0,0,1,0,1,0,M2d/M2/M1M1IL10,M1M1IL10/M2/M2d*
pro-M2b,123,3,0,0,1,1,0,1,1,0,1,0,1,0,0,1,1,1,1,1,0,0,0,0,0,1,1,0,0,1,1,1,1,0,0,0,0,0,0,0,1,1,1,0,1,0,0,0,0,1,0,1,1,1,1,0,1,0,1,0,1,M2d/M2/M1M1IL10,M1M1IL10/M2/M2d*
pro-M2b,124,1,0,0,1,1,0,1,1,0,0,0,0,0,0,1,0,1,1,1,0,0,0,0,0,1,1,1,0,1,1,1,0,1,0,0,0,1,0,0,1,1,1,0,1,0,0,0,1,1,0,1,1,0,1,0,0,1,1,1,1,M2d/M2/M1M1IL10,M1M1IL10/M2/M2d*
pro-M2b,124,2,0,0,0,1,0,1,1,0,0,0,1,0,0,1,1,1,1,1,1,0,1,0,0,1,1,1,0,1,1,1,1,0,0,0,0,0,0,0,1,1,1,0,1,0,0,0,1,1,0,0,1,0,1,0,0,1,0,1,0,M2d/M2/M1M1IL10,M1M1IL10/M2/M2d*
pro-M2b,124,3,0,0,1,1,0,1,1,0,1,0,1,0,0,1,1,1,1,1,0,0,0,0,0,1,1,0,0,1,1,1,1,0,0,0,0,0,0,0,1,1,1,0,1,0,0,0,1,1,0,1,1,1,1,0,1,0,1,0,1,M2d/M2/M1M1IL10,M1M1IL10/M2/M2d*
pro-M2b,125,1,0,0,1,1,0,0,1,0,0,0,0,0,0,1,0,1,0,1,0,0,0,0,0,1,1,1,0,1,1,1,0,1,0,0,0,1,0,0,1,1,1,0,1,0,0,0,0,0,0,0,1,0,1,0,0,1,1,1,1,M2d/M2/M1M1IL10,M1M1IL10/M2/M2d*
pro-M2b,125,2,0,0,0,1,0,1,0,0,0,0,1,0,0,1,1,1,1,1,1,0,1,0,0,1,1,1,0,1,1,1,1,0,0,0,0,0,0,0,1,1,1,0,1,0,0,0,0,0,0,0,1,0,1,0,0,1,0,1,0,M2d/M2/M1M1IL10,M1M1IL10/M2/M2d*
pro-M2b,125,3,0,0,1,1,0,1,1,0,1,0,1,0,0,1,1,0,1,1,0,0,0,0,0,1,1,0,0,1,1,0,1,0,0,0,0,0,0,0,1,1,1,0,1,0,0,0,0,0,0,1,1,1,1,0,1,0,1,0,1,M2d/M2/M1M1IL10,M1M1IL10/M2/M2d*
pro-M2b,126,1,0,0,1,1,0,0,1,0,0,0,0,0,0,1,0,1,0,1,0,0,0,0,0,1,1,1,0,1,1,1,0,1,0,0,0,1,0,0,1,1,1,0,1,0,0,0,1,0,0,0,1,0,1,0,0,1,1,1,1,M2d/M2/M1M1IL10,M1M1IL10/M2/M2d*
pro-M2b,126,2,0,0,0,1,0,1,0,0,0,0,1,0,0,1,1,1,1,1,1,0,1,0,0,1,1,1,0,1,1,1,1,0,0,0,0,0,0,0,1,1,1,0,1,0,0,0,1,0,0,0,1,0,1,0,0,1,0,1,0,M2d/M2/M1M1IL10,M1M1IL10/M2/M2d*
pro-M2b,126,3,0,0,1,1,0,1,1,0,1,0,1,0,0,1,1,0,1,1,0,0,0,0,0,1,1,0,0,1,1,0,1,0,0,0,0,0,0,0,1,1,1,0,1,0,0,0,1,0,0,1,1,1,1,0,1,0,1,0,1,M2d/M2/M1M1IL10,M1M1IL10/M2/M2d*
pro-M2b,127,1,1,1,1,1,0,0,1,0,0,0,0,0,0,1,0,1,0,1,0,0,0,0,0,1,1,1,0,1,1,1,0,1,0,0,0,1,0,0,1,1,1,0,1,0,0,0,0,0,0,0,1,0,1,0,0,1,1,1,1,M2d/M2/M1M1IL10,M1M1IL10/M2/M2d*
pro-M2b,127,2,1,1,0,1,0,1,0,0,0,0,1,0,0,1,1,1,1,1,1,0,1,0,0,1,1,1,0,1,1,1,1,0,0,0,0,0,0,0,1,1,1,0,1,0,0,0,0,0,0,0,1,0,1,0,0,1,0,1,0,M2d/M2/M1M1IL10,M1M1IL10/M2/M2d*
pro-M2b,127,3,1,1,1,1,0,1,1,0,1,0,1,0,0,1,1,0,1,1,0,0,0,0,0,1,1,0,0,1,1,0,1,0,0,0,0,0,0,0,1,1,1,0,1,0,0,0,0,0,0,1,1,1,1,0,1,0,1,0,1,M2d/M2/M1M1IL10,M1M1IL10/M2/M2d*
pro-M2b,128,1,1,1,1,1,0,0,1,0,0,0,0,0,0,1,0,1,0,1,0,0,0,0,0,1,1,1,0,1,1,1,0,1,0,0,0,1,0,0,1,1,1,0,1,0,0,0,1,0,0,0,1,0,1,0,0,1,1,1,1,M2d/M2/M1M1IL10,M1M1IL10/M2/M2d*
pro-M2b,128,2,1,1,0,1,0,1,0,0,0,0,1,0,0,1,1,1,1,1,1,0,1,0,0,1,1,1,0,1,1,1,1,0,0,0,0,0,0,0,1,1,1,0,1,0,0,0,1,0,0,0,1,0,1,0,0,1,0,1,0,M2d/M2/M1M1IL10,M1M1IL10/M2/M2d*
pro-M2b,128,3,1,1,1,1,0,1,1,0,1,0,1,0,0,1,1,0,1,1,0,0,0,0,0,1,1,0,0,1,1,0,1,0,0,0,0,0,0,0,1,1,1,0,1,0,0,0,1,0,0,1,1,1,1,0,1,0,1,0,1,M2d/M2/M1M1IL10,M1M1IL10/M2/M2d*
pro-M2b,129,1,0,0,0,1,0,0,1,0,0,0,0,0,0,1,0,1,0,1,0,0,0,0,0,1,1,1,0,1,1,1,0,1,0,0,0,1,0,0,1,1,1,0,1,0,0,0,1,0,0,0,1,0,1,0,0,1,0,1,1,M2d/M2/M1M1IL10,M1M1IL10/M2/M2d*
pro-M2b,129,2,0,0,0,1,0,1,0,0,0,0,1,0,0,1,1,1,1,1,1,0,1,0,0,1,1,0,0,1,1,1,1,0,0,0,0,0,0,0,1,1,1,0,1,0,0,0,1,0,0,0,1,0,1,0,0,0,0,1,0,M2d/M2/M1M1IL10,M1M1IL10/M2/M2d*
pro-M2b,129,3,0,0,1,1,0,1,1,0,1,0,0,0,0,1,1,0,1,1,0,0,0,0,0,1,1,0,0,1,1,0,1,0,0,0,0,0,0,0,1,1,1,0,1,0,0,0,1,0,0,1,1,1,1,0,1,0,1,0,1,M2d/M2/M1M1IL10,M1M1IL10/M2/M2d*
pro-M2b,130,1,0,0,0,1,0,0,1,0,0,0,0,0,0,1,0,1,0,1,0,0,0,0,0,1,1,1,0,1,1,1,0,1,0,0,0,1,0,0,1,1,1,0,1,0,0,0,0,0,0,0,1,0,1,0,0,1,0,1,1,M2d/M2/M1M1IL10,M1M1IL10/M2/M2d*
pro-M2b,130,2,0,0,0,1,0,1,0,0,0,0,1,0,0,1,1,1,1,1,1,0,1,0,0,1,1,0,0,1,1,1,1,0,0,0,0,0,0,0,1,1,1,0,1,0,0,0,0,0,0,0,1,0,1,0,0,0,0,1,0,M2d/M2/M1M1IL10,M1M1IL10/M2/M2d*
pro-M2b,130,3,0,0,1,1,0,1,1,0,1,0,0,0,0,1,1,0,1,1,0,0,0,0,0,1,1,0,0,1,1,0,1,0,0,0,0,0,0,0,1,1,1,0,1,0,0,0,0,0,0,1,1,1,1,0,1,0,1,0,1,M2d/M2/M1M1IL10,M1M1IL10/M2/M2d*
pro-M2b,131,1,1,1,0,1,0,0,1,0,0,0,0,0,0,1,0,1,0,1,0,0,0,0,0,1,1,1,0,1,1,1,0,1,0,0,0,1,0,0,1,1,1,0,1,0,0,0,1,0,0,0,1,0,1,0,0,1,0,1,1,M2d/M2/M1M1IL10,M1M1IL10/M2/M2d*
pro-M2b,131,2,1,1,0,1,0,1,0,0,0,0,1,0,0,1,1,1,1,1,1,0,1,0,0,1,1,0,0,1,1,1,1,0,0,0,0,0,0,0,1,1,1,0,1,0,0,0,1,0,0,0,1,0,1,0,0,0,0,1,0,M2d/M2/M1M1IL10,M1M1IL10/M2/M2d*
pro-M2b,131,3,1,1,1,1,0,1,1,0,1,0,0,0,0,1,1,0,1,1,0,0,0,0,0,1,1,0,0,1,1,0,1,0,0,0,0,0,0,0,1,1,1,0,1,0,0,0,1,0,0,1,1,1,1,0,1,0,1,0,1,M2d/M2/M1M1IL10,M1M1IL10/M2/M2d*
pro-M2b,132,1,1,1,0,1,0,0,1,0,0,0,0,0,0,1,0,1,0,1,0,0,0,0,0,1,1,1,0,1,1,1,0,1,0,0,0,1,0,0,1,1,1,0,1,0,0,0,0,0,0,0,1,0,1,0,0,1,0,1,1,M2d/M2/M1M1IL10,M1M1IL10/M2/M2d*
pro-M2b,132,2,1,1,0,1,0,1,0,0,0,0,1,0,0,1,1,1,1,1,1,0,1,0,0,1,1,0,0,1,1,1,1,0,0,0,0,0,0,0,1,1,1,0,1,0,0,0,0,0,0,0,1,0,1,0,0,0,0,1,0,M2d/M2/M1M1IL10,M1M1IL10/M2/M2d*
pro-M2b,132,3,1,1,1,1,0,1,1,0,1,0,0,0,0,1,1,0,1,1,0,0,0,0,0,1,1,0,0,1,1,0,1,0,0,0,0,0,0,0,1,1,1,0,1,0,0,0,0,0,0,1,1,1,1,0,1,0,1,0,1,M2d/M2/M1M1IL10,M1M1IL10/M2/M2d*
pro-M2b,133,1,1,1,0,1,0,0,1,0,0,0,0,0,0,1,0,1,0,1,0,0,0,0,0,1,1,0,0,1,1,1,0,1,0,0,0,1,0,0,1,1,1,0,0,0,0,0,0,0,0,0,1,0,1,0,0,0,0,1,1,M2/M2/M1M1IL10,M1M1IL10/M2*
pro-M2b,133,2,1,1,0,1,0,1,0,0,0,0,0,0,0,1,1,1,1,1,1,0,1,0,0,1,1,0,0,1,1,1,1,0,0,0,0,0,0,0,1,1,1,0,0,0,0,0,0,0,0,0,1,0,1,0,0,0,0,1,0,M2/M2/M1M1IL10,M1M1IL10/M2*
pro-M2b,133,3,1,1,0,1,0,1,1,0,1,0,0,0,1,1,1,0,1,1,0,0,0,0,0,1,1,0,0,1,1,0,1,0,0,0,0,0,0,0,1,1,1,0,0,0,0,0,0,0,0,1,1,1,1,0,1,0,1,0,1,M2/M2/M1M1IL10,M1M1IL10/M2*
pro-M2b,134,1,0,0,0,1,0,0,1,0,0,0,0,0,0,1,0,1,0,1,0,0,0,0,0,1,1,0,0,1,1,1,0,1,0,0,0,1,0,0,1,1,1,0,0,0,0,0,0,0,0,0,1,0,1,0,0,0,0,1,1,M2/M2/M1M1IL10,M1M1IL10/M2*
pro-M2b,134,2,0,0,0,1,0,1,0,0,0,0,0,0,0,1,1,1,1,1,1,0,1,0,0,1,1,0,0,1,1,1,1,0,0,0,0,0,0,0,1,1,1,0,0,0,0,0,0,0,0,0,1,0,1,0,0,0,0,1,0,M2/M2/M1M1IL10,M1M1IL10/M2*
pro-M2b,134,3,0,0,0,1,0,1,1,0,1,0,0,0,1,1,1,0,1,1,0,0,0,0,0,1,1,0,0,1,1,0,1,0,0,0,0,0,0,0,1,1,1,0,0,0,0,0,0,0,0,1,1,1,1,0,1,0,1,0,1,M2/M2/M1M1IL10,M1M1IL10/M2*
pro-M2b,135,1,0,0,0,1,0,0,1,0,0,0,0,0,0,1,0,1,0,1,0,0,0,0,0,1,1,0,0,1,1,1,0,1,0,0,0,1,0,0,1,1,1,0,0,0,0,0,1,0,0,0,1,0,1,0,0,0,0,1,1,M2/M2/M1M1IL10,M1M1IL10/M2*
pro-M2b,135,2,0,0,0,1,0,1,0,0,0,0,0,0,0,1,1,1,1,1,1,0,1,0,0,1,1,0,0,1,1,1,1,0,0,0,0,0,0,0,1,1,1,0,0,0,0,0,1,0,0,0,1,0,1,0,0,0,0,1,0,M2/M2/M1M1IL10,M1M1IL10/M2*
pro-M2b,135,3,0,0,0,1,0,1,1,0,1,0,0,0,1,1,1,0,1,1,0,0,0,0,0,1,1,0,0,1,1,0,1,0,0,0,0,0,0,0,1,1,1,0,0,0,0,0,1,0,0,1,1,1,1,0,1,0,1,0,1,M2/M2/M1M1IL10,M1M1IL10/M2*
pro-M2b,136,1,1,1,0,1,0,0,1,0,0,0,0,0,0,1,0,1,0,1,0,0,0,0,0,1,1,0,0,1,1,1,0,1,0,0,0,1,0,0,1,1,1,0,0,0,0,0,1,0,0,0,1,0,1,0,0,0,0,1,1,M2/M2/M1M1IL10,M1M1IL10/M2*
pro-M2b,136,2,1,1,0,1,0,1,0,0,0,0,0,0,0,1,1,1,1,1,1,0,1,0,0,1,1,0,0,1,1,1,1,0,0,0,0,0,0,0,1,1,1,0,0,0,0,0,1,0,0,0,1,0,1,0,0,0,0,1,0,M2/M2/M1M1IL10,M1M1IL10/M2*
pro-M2b,136,3,1,1,0,1,0,1,1,0,1,0,0,0,1,1,1,0,1,1,0,0,0,0,0,1,1,0,0,1,1,0,1,0,0,0,0,0,0,0,1,1,1,0,0,0,0,0,1,0,0,1,1,1,1,0,1,0,1,0,1,M2/M2/M1M1IL10,M1M1IL10/M2*
pro-M2c,137,1,0,0,1,0,0,0,0,0,1,0,1,1,0,1,0,0,0,1,1,0,1,0,0,0,0,1,0,0,1,0,1,1,0,0,0,1,0,0,0,0,0,0,1,0,0,1,1,0,1,0,1,1,1,0,0,0,1,0,0,il6,il6
pro-M2c,138,1,0,0,1,0,0,0,0,0,1,0,1,1,0,1,0,0,0,1,1,0,1,0,0,0,0,1,0,0,1,0,1,1,0,0,0,1,0,0,0,0,0,0,1,0,0,1,0,0,1,0,1,1,1,0,0,0,1,0,0,il6,il6
pro-M2c,139,1,0,0,1,0,0,0,0,0,1,0,1,1,0,1,0,0,0,1,1,0,0,0,0,0,0,1,0,0,1,0,1,1,0,0,0,0,0,0,0,0,0,0,1,0,0,1,1,0,0,0,1,1,1,0,0,0,1,0,0,il6,il6
pro-M2c,140,1,0,0,1,0,0,0,0,0,1,0,1,1,0,1,0,0,0,1,1,0,0,0,0,0,0,1,0,0,1,0,1,1,0,0,0,0,0,0,0,0,0,0,1,0,0,1,0,0,0,0,1,1,1,0,0,0,1,0,0,il6,il6
pro-M2c,141,1,0,0,1,0,0,1,1,0,1,0,1,1,0,1,0,1,1,1,1,0,0,0,0,1,0,1,0,0,1,1,1,1,0,0,0,0,0,0,0,0,0,0,1,0,0,1,1,1,0,0,1,1,1,0,0,0,1,0,0,il6,il6
pro-M2c,142,1,0,0,1,0,0,1,1,0,1,0,1,1,0,1,0,1,1,1,1,0,0,0,0,1,0,1,0,0,1,1,1,1,0,0,0,0,0,0,0,0,0,0,1,0,0,1,0,1,0,0,1,1,1,0,0,0,1,0,0,il6,il6
pro-M2c,143,1,0,0,1,0,0,1,1,0,1,0,1,1,0,1,0,1,1,1,1,0,1,0,0,1,0,1,0,0,1,1,1,1,0,0,0,1,0,0,0,0,0,0,1,0,0,1,1,1,1,0,1,1,1,0,0,0,1,0,0,il6,il6
pro-M2c,144,1,0,0,1,0,0,1,1,0,1,0,1,1,0,1,0,1,1,1,1,0,1,0,0,1,0,1,0,0,1,1,1,1,0,0,0,1,0,0,0,0,0,0,1,0,0,1,0,1,1,0,1,1,1,0,0,0,1,0,0,il6,il6
pro-M2c,145,1,1,1,0,0,0,1,1,0,0,0,0,1,1,0,0,1,1,0,0,0,1,0,0,1,0,0,0,0,0,1,1,1,0,0,0,1,0,0,0,0,0,0,0,0,0,1,0,1,1,0,0,1,0,0,0,0,0,1,0,M2c,M2c
pro-M2c,146,1,1,1,0,0,0,1,1,0,0,0,0,1,1,0,0,1,1,0,0,0,0,0,0,1,0,0,0,0,0,1,1,0,0,0,0,0,0,0,0,0,0,0,0,0,0,1,0,1,0,0,0,0,0,0,0,0,0,1,0,M2c,M2c
pro-M2c,147,1,1,1,0,0,0,1,1,0,0,0,0,1,0,0,0,1,1,0,0,0,0,0,0,1,0,0,0,0,0,1,1,0,0,0,0,0,0,0,0,0,0,0,1,0,0,1,0,1,0,0,0,0,0,0,0,0,0,1,0,M2c,M2c
pro-M2c,148,1,1,1,0,0,0,0,0,0,0,0,0,1,0,0,0,0,0,0,0,0,0,0,0,0,0,0,0,0,0,0,1,0,0,0,0,0,0,0,0,0,0,0,1,0,0,1,0,0,0,0,0,0,0,0,0,0,0,1,0,M2c,M2c
pro-M2c,149,1,1,1,0,0,0,0,0,0,0,0,0,1,1,0,0,0,0,0,0,0,0,0,0,0,0,0,0,0,0,0,1,0,0,0,0,0,0,0,0,0,0,0,0,0,0,1,0,0,0,0,0,0,0,0,0,0,0,1,0,M2c,M2c
pro-M2c,150,1,1,1,0,0,0,0,0,0,0,0,0,1,1,0,0,0,0,0,0,0,1,0,0,0,0,0,0,0,0,0,1,1,0,0,0,1,0,0,0,0,0,0,0,0,0,1,0,0,1,0,0,1,0,0,0,0,0,1,0,M2c,M2c
pro-M2c,151,1,0,0,0,0,0,0,0,0,0,0,0,1,1,0,0,0,0,0,0,0,1,0,0,0,0,0,0,0,0,0,1,1,0,0,0,1,0,0,0,0,0,0,0,0,0,1,0,0,1,0,0,1,0,0,0,0,0,1,0,M2c,M2c
pro-M2c,152,1,0,0,0,0,0,0,0,0,0,0,0,1,1,0,0,0,0,0,0,0,0,0,0,0,0,0,0,0,0,0,1,0,0,0,0,0,0,0,0,0,0,0,0,0,0,1,0,0,0,0,0,0,0,0,0,0,0,1,0,M2c,M2c
pro-M2c,153,1,0,0,0,0,0,0,0,0,0,0,0,1,0,0,0,0,0,0,0,0,0,0,0,0,0,0,0,0,0,0,1,0,0,0,0,0,0,0,0,0,0,0,1,0,0,1,0,0,0,0,0,0,0,0,0,0,0,1,0,M2c,M2c
pro-M2c,154,1,0,0,0,0,0,1,1,0,0,0,0,1,0,0,0,1,1,0,0,0,0,0,0,1,0,0,0,0,0,1,1,0,0,0,0,0,0,0,0,0,0,0,1,0,0,1,0,1,0,0,0,0,0,0,0,0,0,1,0,M2c,M2c
pro-M2c,155,1,0,0,0,0,0,1,1,0,0,0,0,1,1,0,0,1,1,0,0,0,0,0,0,1,0,0,0,0,0,1,1,0,0,0,0,0,0,0,0,0,0,0,0,0,0,1,0,1,0,0,0,0,0,0,0,0,0,1,0,M2c,M2c
pro-M2c,156,1,0,0,0,0,0,1,1,0,0,0,0,1,1,0,0,1,1,0,0,0,1,0,0,1,0,0,0,0,0,1,1,1,0,0,0,1,0,0,0,0,0,0,0,0,0,1,0,1,1,0,0,1,0,0,0,0,0,1,0,M2c,M2c
pro-M2c,157,1,0,0,0,0,0,1,1,0,0,0,0,1,1,1,0,1,1,1,0,0,1,0,0,1,0,0,0,0,1,1,1,1,0,0,0,1,0,0,0,0,0,0,0,0,0,1,1,1,1,0,1,1,1,0,0,0,0,1,0,M2c,M2c
pro-M2c,158,1,0,0,0,0,0,1,1,0,0,0,0,1,1,1,0,1,1,1,0,0,1,0,0,1,0,0,0,0,1,1,1,1,0,0,0,1,0,0,0,0,0,0,0,0,0,1,0,1,1,0,1,1,1,0,0,0,0,1,0,M2c,M2c
pro-M2c,159,1,0,0,0,0,0,1,1,0,0,0,0,1,1,1,0,1,1,1,0,0,0,0,0,1,0,0,0,0,1,1,1,0,0,0,0,0,0,0,0,0,0,0,0,0,0,1,1,1,0,0,1,0,1,0,0,0,0,1,0,M2c,M2c
pro-M2c,160,1,0,0,0,0,0,1,1,0,0,0,0,1,1,1,0,1,1,1,0,0,0,0,0,1,0,0,0,0,1,1,1,0,0,0,0,0,0,0,0,0,0,0,0,0,0,1,0,1,0,0,1,0,1,0,0,0,0,1,0,M2c,M2c
pro-M2c,161,1,0,0,0,0,0,1,1,0,0,0,0,1,0,1,0,1,1,1,0,0,0,0,0,1,0,0,0,0,1,1,1,0,0,0,0,0,0,0,0,0,0,0,1,0,0,1,1,1,0,0,1,0,1,0,0,0,0,1,0,M2c,M2c
pro-M2c,162,1,0,0,0,0,0,1,1,0,0,0,0,1,0,1,0,1,1,1,0,0,0,0,0,1,0,0,0,0,1,1,1,0,0,0,0,0,0,0,0,0,0,0,1,0,0,1,0,1,0,0,1,0,1,0,0,0,0,1,0,M2c,M2c
pro-M2c,163,1,0,0,0,0,0,0,0,0,0,0,0,1,0,1,0,0,0,1,0,0,0,0,0,0,0,0,0,0,1,0,1,0,0,0,0,0,0,0,0,0,0,0,1,0,0,1,1,0,0,0,1,0,1,0,0,0,0,1,0,M2c,M2c
pro-M2c,164,1,0,0,0,0,0,0,0,0,0,0,0,1,0,1,0,0,0,1,0,0,0,0,0,0,0,0,0,0,1,0,1,0,0,0,0,0,0,0,0,0,0,0,1,0,0,1,0,0,0,0,1,0,1,0,0,0,0,1,0,M2c,M2c
pro-M2c,165,1,0,0,0,0,0,0,0,0,0,0,0,1,1,1,0,0,0,1,0,0,0,0,0,0,0,0,0,0,1,0,1,0,0,0,0,0,0,0,0,0,0,0,0,0,0,1,1,0,0,0,1,0,1,0,0,0,0,1,0,M2c,M2c
pro-M2c,166,1,0,0,0,0,0,0,0,0,0,0,0,1,1,1,0,0,0,1,0,0,0,0,0,0,0,0,0,0,1,0,1,0,0,0,0,0,0,0,0,0,0,0,0,0,0,1,0,0,0,0,1,0,1,0,0,0,0,1,0,M2c,M2c
pro-M2c,167,1,0,0,0,0,0,0,0,0,0,0,0,1,1,1,0,0,0,1,0,0,1,0,0,0,0,0,0,0,1,0,1,1,0,0,0,1,0,0,0,0,0,0,0,0,0,1,1,0,1,0,1,1,1,0,0,0,0,1,0,M2c,M2c
pro-M2c,168,1,0,0,0,0,0,0,0,0,0,0,0,1,1,1,0,0,0,1,0,0,1,0,0,0,0,0,0,0,1,0,1,1,0,0,0,1,0,0,0,0,0,0,0,0,0,1,0,0,1,0,1,1,1,0,0,0,0,1,0,M2c,M2c
pro-M2c,169,1,1,1,0,0,0,0,0,0,0,0,0,1,1,1,0,0,0,1,0,0,1,0,0,0,0,0,0,0,1,0,1,1,0,0,0,1,0,0,0,0,0,0,0,0,0,1,1,0,1,0,1,1,1,0,0,0,0,1,0,M2c,M2c
pro-M2c,170,1,1,1,0,0,0,0,0,0,0,0,0,1,1,1,0,0,0,1,0,0,1,0,0,0,0,0,0,0,1,0,1,1,0,0,0,1,0,0,0,0,0,0,0,0,0,1,0,0,1,0,1,1,1,0,0,0,0,1,0,M2c,M2c
pro-M2c,171,1,1,1,0,0,0,0,0,0,0,0,0,1,1,1,0,0,0,1,0,0,0,0,0,0,0,0,0,0,1,0,1,0,0,0,0,0,0,0,0,0,0,0,0,0,0,1,1,0,0,0,1,0,1,0,0,0,0,1,0,M2c,M2c
pro-M2c,172,1,1,1,0,0,0,0,0,0,0,0,0,1,1,1,0,0,0,1,0,0,0,0,0,0,0,0,0,0,1,0,1,0,0,0,0,0,0,0,0,0,0,0,0,0,0,1,0,0,0,0,1,0,1,0,0,0,0,1,0,M2c,M2c
pro-M2c,173,1,1,1,0,0,0,0,0,0,0,0,0,1,0,1,0,0,0,1,0,0,0,0,0,0,0,0,0,0,1,0,1,0,0,0,0,0,0,0,0,0,0,0,1,0,0,1,1,0,0,0,1,0,1,0,0,0,0,1,0,M2c,M2c
pro-M2c,174,1,1,1,0,0,0,0,0,0,0,0,0,1,0,1,0,0,0,1,0,0,0,0,0,0,0,0,0,0,1,0,1,0,0,0,0,0,0,0,0,0,0,0,1,0,0,1,0,0,0,0,1,0,1,0,0,0,0,1,0,M2c,M2c
pro-M2c,175,1,1,1,0,0,0,1,1,0,0,0,0,1,0,1,0,1,1,1,0,0,0,0,0,1,0,0,0,0,1,1,1,0,0,0,0,0,0,0,0,0,0,0,1,0,0,1,1,1,0,0,1,0,1,0,0,0,0,1,0,M2c,M2c
pro-M2c,176,1,1,1,0,0,0,1,1,0,0,0,0,1,0,1,0,1,1,1,0,0,0,0,0,1,0,0,0,0,1,1,1,0,0,0,0,0,0,0,0,0,0,0,1,0,0,1,0,1,0,0,1,0,1,0,0,0,0,1,0,M2c,M2c
pro-M2c,177,1,1,1,0,0,0,1,1,0,0,0,0,1,1,1,0,1,1,1,0,0,0,0,0,1,0,0,0,0,1,1,1,0,0,0,0,0,0,0,0,0,0,0,0,0,0,1,1,1,0,0,1,0,1,0,0,0,0,1,0,M2c,M2c
pro-M2c,178,1,1,1,0,0,0,1,1,0,0,0,0,1,1,1,0,1,1,1,0,0,0,0,0,1,0,0,0,0,1,1,1,0,0,0,0,0,0,0,0,0,0,0,0,0,0,1,0,1,0,0,1,0,1,0,0,0,0,1,0,M2c,M2c
pro-M2c,179,1,1,1,0,0,0,1,1,0,0,0,0,1,1,1,0,1,1,1,0,0,1,0,0,1,0,0,0,0,1,1,1,1,0,0,0,1,0,0,0,0,0,0,0,0,0,1,1,1,1,0,1,1,1,0,0,0,0,1,0,M2c,M2c
pro-M2c,180,1,1,1,0,0,0,1,1,0,0,0,0,1,1,1,0,1,1,1,0,0,1,0,0,1,0,0,0,0,1,1,1,1,0,0,0,1,0,0,0,0,0,0,0,0,0,1,0,1,1,0,1,1,1,0,0,0,0,1,0,M2c,M2c
pro-M2c,181,1,1,1,1,0,0,1,1,0,1,0,1,1,0,1,0,1,1,1,1,0,1,0,0,1,0,1,0,0,1,1,1,1,0,0,0,1,0,0,0,0,0,0,1,0,0,1,1,1,1,0,1,1,1,0,0,0,1,0,0,il6,il6
pro-M2c,182,1,1,1,1,0,0,1,1,0,1,0,1,1,0,1,0,1,1,1,1,0,1,0,0,1,0,1,0,0,1,1,1,1,0,0,0,1,0,0,0,0,0,0,1,0,0,1,0,1,1,0,1,1,1,0,0,0,1,0,0,il6,il6
pro-M2c,183,1,1,1,1,0,0,1,1,0,1,0,1,1,0,1,0,1,1,1,1,0,0,0,0,1,0,1,0,0,1,1,1,1,0,0,0,0,0,0,0,0,0,0,1,0,0,1,1,1,0,0,1,1,1,0,0,0,1,0,0,il6,il6
pro-M2c,184,1,1,1,1,0,0,1,1,0,1,0,1,1,0,1,0,1,1,1,1,0,0,0,0,1,0,1,0,0,1,1,1,1,0,0,0,0,0,0,0,0,0,0,1,0,0,1,0,1,0,0,1,1,1,0,0,0,1,0,0,il6,il6
pro-M2c,185,1,1,1,1,0,0,0,0,0,1,0,1,1,0,1,0,0,0,1,1,0,0,0,0,0,0,1,0,0,1,0,1,1,0,0,0,0,0,0,0,0,0,0,1,0,0,1,1,0,0,0,1,1,1,0,0,0,1,0,0,il6,il6
pro-M2c,186,1,1,1,1,0,0,0,0,0,1,0,1,1,0,1,0,0,0,1,1,0,1,0,0,0,0,1,0,0,1,0,1,1,0,0,0,1,0,0,0,0,0,0,1,0,0,1,1,0,1,0,1,1,1,0,0,0,1,0,0,il6,il6
pro-M2c,187,1,1,1,1,0,0,0,0,0,1,0,1,1,0,1,0,0,0,1,1,0,1,0,0,0,0,1,0,0,1,0,1,1,0,0,0,1,0,0,0,0,0,0,1,0,0,1,0,0,1,0,1,1,1,0,0,0,1,0,0,il6,il6
pro-M2c,188,1,1,1,1,0,0,0,0,0,1,0,1,1,0,1,0,0,0,1,1,0,0,0,0,0,0,1,0,0,1,0,1,1,0,0,0,0,0,0,0,0,0,0,1,0,0,1,0,0,0,0,1,1,1,0,0,0,1,0,0,il6,il6
pro-M2c,189,1,0,0,0,0,0,0,0,0,0,0,0,1,1,1,0,0,0,0,0,0,1,0,0,0,0,0,0,0,0,0,1,1,0,0,0,1,0,0,0,0,0,0,0,0,0,1,0,0,1,0,1,1,1,0,0,0,0,1,0,M2c/M2c,M2c*
pro-M2c,189,2,0,0,0,0,0,0,0,0,0,0,0,1,1,0,0,0,0,1,0,0,1,0,0,0,0,0,0,0,1,0,1,1,0,0,0,1,0,0,0,0,0,0,0,0,0,1,0,0,1,0,0,1,0,0,0,0,0,1,0,M2c/M2c,M2c*
pro-M2c,190,1,1,1,0,0,0,0,0,0,0,0,0,1,1,1,0,0,0,0,0,0,1,0,0,0,0,0,0,0,0,0,1,1,0,0,0,1,0,0,0,0,0,0,0,0,0,1,0,0,1,0,1,1,1,0,0,0,0,1,0,M2c/M2c,M2c*
pro-M2c,190,2,1,1,0,0,0,0,0,0,0,0,0,1,1,0,0,0,0,1,0,0,1,0,0,0,0,0,0,0,1,0,1,1,0,0,0,1,0,0,0,0,0,0,0,0,0,1,0,0,1,0,0,1,0,0,0,0,0,1,0,M2c/M2c,M2c*
pro-M2c,191,1,1,1,0,0,0,1,1,0,0,0,0,1,1,1,0,1,1,0,0,0,1,0,0,1,0,0,0,0,0,1,1,1,0,0,0,1,0,0,0,0,0,0,0,0,0,1,0,1,1,0,1,1,1,0,0,0,0,1,0,M2c/M2c,M2c*
pro-M2c,191,2,1,1,0,0,0,1,1,0,0,0,0,1,1,0,0,1,1,1,0,0,1,0,0,1,0,0,0,0,1,1,1,1,0,0,0,1,0,0,0,0,0,0,0,0,0,1,0,1,1,0,0,1,0,0,0,0,0,1,0,M2c/M2c,M2c*
pro-M2c,192,1,0,0,0,0,0,1,1,0,0,0,0,1,1,1,0,1,1,0,0,0,1,0,0,1,0,0,0,0,0,1,1,1,0,0,0,1,0,0,0,0,0,0,0,0,0,1,0,1,1,0,1,1,1,0,0,0,0,1,0,M2c/M2c,M2c*
pro-M2c,192,2,0,0,0,0,0,1,1,0,0,0,0,1,1,0,0,1,1,1,0,0,1,0,0,1,0,0,0,0,1,1,1,1,0,0,0,1,0,0,0,0,0,0,0,0,0,1,0,1,1,0,0,1,0,0,0,0,0,1,0,M2c/M2c,M2c*
pro-M2c,193,1,0,0,0,0,0,1,1,0,0,0,0,1,1,1,0,1,1,0,0,0,0,0,0,1,0,0,0,0,0,1,1,0,0,0,0,0,0,0,0,0,0,0,0,0,0,1,0,1,0,0,1,0,1,0,0,0,0,1,0,M2c/M2c,M2c*
pro-M2c,193,2,0,0,0,0,0,1,1,0,0,0,0,1,1,0,0,1,1,1,0,0,0,0,0,1,0,0,0,0,1,1,1,0,0,0,0,0,0,0,0,0,0,0,0,0,0,1,0,1,0,0,0,0,0,0,0,0,0,1,0,M2c/M2c,M2c*
pro-M2c,194,1,1,1,0,0,0,1,1,0,0,0,0,1,1,1,0,1,1,0,0,0,0,0,0,1,0,0,0,0,0,1,1,0,0,0,0,0,0,0,0,0,0,0,0,0,0,1,0,1,0,0,1,0,1,0,0,0,0,1,0,M2c/M2c,M2c*
pro-M2c,194,2,1,1,0,0,0,1,1,0,0,0,0,1,1,0,0,1,1,1,0,0,0,0,0,1,0,0,0,0,1,1,1,0,0,0,0,0,0,0,0,0,0,0,0,0,0,1,0,1,0,0,0,0,0,0,0,0,0,1,0,M2c/M2c,M2c*
pro-M2c,195,1,1,1,0,0,0,0,0,0,0,0,0,1,1,1,0,0,0,0,0,0,0,0,0,0,0,0,0,0,0,0,1,0,0,0,0,0,0,0,0,0,0,0,0,0,0,1,0,0,0,0,1,0,1,0,0,0,0,1,0,M2c/M2c,M2c*
pro-M2c,195,2,1,1,0,0,0,0,0,0,0,0,0,1,1,0,0,0,0,1,0,0,0,0,0,0,0,0,0,0,1,0,1,0,0,0,0,0,0,0,0,0,0,0,0,0,0,1,0,0,0,0,0,0,0,0,0,0,0,1,0,M2c/M2c,M2c*
pro-M2c,196,1,0,0,0,0,0,0,0,0,0,0,0,1,1,1,0,0,0,0,0,0,0,0,0,0,0,0,0,0,0,0,1,0,0,0,0,0,0,0,0,0,0,0,0,0,0,1,0,0,0,0,1,0,1,0,0,0,0,1,0,M2c/M2c,M2c*
pro-M2c,196,2,0,0,0,0,0,0,0,0,0,0,0,1,1,0,0,0,0,1,0,0,0,0,0,0,0,0,0,0,1,0,1,0,0,0,0,0,0,0,0,0,0,0,0,0,0,1,0,0,0,0,0,0,0,0,0,0,0,1,0,M2c/M2c,M2c*
pro-M2c,197,1,0,0,0,0,0,0,0,0,0,0,0,1,0,1,0,0,0,0,0,0,0,0,0,0,0,0,0,0,0,0,1,0,0,0,0,0,0,0,0,0,0,0,1,0,0,1,0,0,0,0,1,0,1,0,0,0,0,1,0,M2c/M2c,M2c*
pro-M2c,197,2,0,0,0,0,0,0,0,0,0,0,0,1,0,0,0,0,0,1,0,0,0,0,0,0,0,0,0,0,1,0,1,0,0,0,0,0,0,0,0,0,0,0,1,0,0,1,0,0,0,0,0,0,0,0,0,0,0,1,0,M2c/M2c,M2c*
pro-M2c,198,1,1,1,0,0,0,0,0,0,0,0,0,1,0,1,0,0,0,0,0,0,0,0,0,0,0,0,0,0,0,0,1,0,0,0,0,0,0,0,0,0,0,0,1,0,0,1,0,0,0,0,1,0,1,0,0,0,0,1,0,M2c/M2c,M2c*
pro-M2c,198,2,1,1,0,0,0,0,0,0,0,0,0,1,0,0,0,0,0,1,0,0,0,0,0,0,0,0,0,0,1,0,1,0,0,0,0,0,0,0,0,0,0,0,1,0,0,1,0,0,0,0,0,0,0,0,0,0,0,1,0,M2c/M2c,M2c*
pro-M2c,199,1,1,1,0,0,0,1,1,0,0,0,0,1,0,1,0,1,1,0,0,0,0,0,0,1,0,0,0,0,0,1,1,0,0,0,0,0,0,0,0,0,0,0,1,0,0,1,0,1,0,0,1,0,1,0,0,0,0,1,0,M2c/M2c,M2c*
pro-M2c,199,2,1,1,0,0,0,1,1,0,0,0,0,1,0,0,0,1,1,1,0,0,0,0,0,1,0,0,0,0,1,1,1,0,0,0,0,0,0,0,0,0,0,0,1,0,0,1,0,1,0,0,0,0,0,0,0,0,0,1,0,M2c/M2c,M2c*
pro-M2c,200,1,0,0,0,0,0,1,1,0,0,0,0,1,0,1,0,1,1,0,0,0,0,0,0,1,0,0,0,0,0,1,1,0,0,0,0,0,0,0,0,0,0,0,1,0,0,1,0,1,0,0,1,0,1,0,0,0,0,1,0,M2c/M2c,M2c*
pro-M2c,200,2,0,0,0,0,0,1,1,0,0,0,0,1,0,0,0,1,1,1,0,0,0,0,0,1,0,0,0,0,1,1,1,0,0,0,0,0,0,0,0,0,0,0,1,0,0,1,0,1,0,0,0,0,0,0,0,0,0,1,0,M2c/M2c,M2c*
pro-M2c,201,1,0,0,0,0,0,1,1,0,0,0,0,1,0,1,0,1,1,1,0,0,0,0,0,1,0,1,0,0,1,1,1,1,0,0,0,0,0,0,0,0,0,0,1,0,0,1,1,1,0,0,1,0,1,0,0,1,0,1,0,M2d/M2c/il6,M2d-like*
pro-M2c,201,2,0,0,0,0,0,1,1,0,0,0,1,1,0,1,0,1,1,1,1,0,0,0,0,1,0,0,0,0,1,1,1,0,0,0,0,0,0,0,0,0,0,0,1,0,0,1,1,1,0,0,1,0,1,0,0,0,0,1,0,M2d/M2c/il6,M2d-like*
pro-M2c,201,3,0,0,1,0,0,1,1,0,1,0,0,1,0,1,0,1,1,1,0,0,0,0,0,1,0,0,0,0,1,1,1,0,0,0,0,0,0,0,0,0,0,0,1,0,0,1,1,1,0,0,1,1,1,0,0,0,1,0,0,M2d/M2c/il6,M2d-like*
pro-M2c,202,1,0,0,0,0,0,1,1,0,0,0,0,1,0,1,0,1,1,1,0,0,0,0,0,1,0,1,0,0,1,1,1,1,0,0,0,0,0,0,0,0,0,0,1,0,0,1,0,1,0,0,1,0,1,0,0,1,0,1,0,M2d/M2c/il6,M2d-like*
pro-M2c,202,2,0,0,0,0,0,1,1,0,0,0,1,1,0,1,0,1,1,1,1,0,0,0,0,1,0,0,0,0,1,1,1,0,0,0,0,0,0,0,0,0,0,0,1,0,0,1,0,1,0,0,1,0,1,0,0,0,0,1,0,M2d/M2c/il6,M2d-like*
pro-M2c,202,3,0,0,1,0,0,1,1,0,1,0,0,1,0,1,0,1,1,1,0,0,0,0,0,1,0,0,0,0,1,1,1,0,0,0,0,0,0,0,0,0,0,0,1,0,0,1,0,1,0,0,1,1,1,0,0,0,1,0,0,M2d/M2c/il6,M2d-like*
pro-M2c,203,1,1,1,0,0,0,1,1,0,0,0,0,1,0,1,0,1,1,1,0,0,0,0,0,1,0,1,0,0,1,1,1,1,0,0,0,0,0,0,0,0,0,0,1,0,0,1,1,1,0,0,1,0,1,0,0,1,0,1,0,M2d/M2c/il6,M2d-like*
pro-M2c,203,2,1,1,0,0,0,1,1,0,0,0,1,1,0,1,0,1,1,1,1,0,0,0,0,1,0,0,0,0,1,1,1,0,0,0,0,0,0,0,0,0,0,0,1,0,0,1,1,1,0,0,1,0,1,0,0,0,0,1,0,M2d/M2c/il6,M2d-like*
pro-M2c,203,3,1,1,1,0,0,1,1,0,1,0,0,1,0,1,0,1,1,1,0,0,0,0,0,1,0,0,0,0,1,1,1,0,0,0,0,0,0,0,0,0,0,0,1,0,0,1,1,1,0,0,1,1,1,0,0,0,1,0,0,M2d/M2c/il6,M2d-like*
pro-M2c,204,1,1,1,0,0,0,1,1,0,0,0,0,1,0,1,0,1,1,1,0,0,0,0,0,1,0,1,0,0,1,1,1,1,0,0,0,0,0,0,0,0,0,0,1,0,0,1,0,1,0,0,1,0,1,0,0,1,0,1,0,M2d/M2c/il6,M2d-like*
pro-M2c,204,2,1,1,0,0,0,1,1,0,0,0,1,1,0,1,0,1,1,1,1,0,0,0,0,1,0,0,0,0,1,1,1,0,0,0,0,0,0,0,0,0,0,0,1,0,0,1,0,1,0,0,1,0,1,0,0,0,0,1,0,M2d/M2c/il6,M2d-like*
pro-M2c,204,3,1,1,1,0,0,1,1,0,1,0,0,1,0,1,0,1,1,1,0,0,0,0,0,1,0,0,0,0,1,1,1,0,0,0,0,0,0,0,0,0,0,0,1,0,0,1,0,1,0,0,1,1,1,0,0,0,1,0,0,M2d/M2c/il6,M2d-like*
pro-M2c,205,1,1,1,0,0,0,0,0,0,0,0,0,1,0,1,0,0,0,1,0,0,0,0,0,0,0,1,0,0,1,0,1,1,0,0,0,0,0,0,0,0,0,0,1,0,0,1,0,0,0,0,1,0,1,0,0,1,0,1,0,M2d/M2c/il6,M2d-like*
pro-M2c,205,2,1,1,0,0,0,0,0,0,0,0,1,1,0,1,0,0,0,1,1,0,0,0,0,0,0,0,0,0,1,0,1,0,0,0,0,0,0,0,0,0,0,0,1,0,0,1,0,0,0,0,1,0,1,0,0,0,0,1,0,M2d/M2c/il6,M2d-like*
pro-M2c,205,3,1,1,1,0,0,0,0,0,1,0,0,1,0,1,0,0,0,1,0,0,0,0,0,0,0,0,0,0,1,0,1,0,0,0,0,0,0,0,0,0,0,0,1,0,0,1,0,0,0,0,1,1,1,0,0,0,1,0,0,M2d/M2c/il6,M2d-like*
pro-M2c,206,1,0,0,0,0,0,0,0,0,0,0,0,1,0,1,0,0,0,1,0,0,0,0,0,0,0,1,0,0,1,0,1,1,0,0,0,0,0,0,0,0,0,0,1,0,0,1,0,0,0,0,1,0,1,0,0,1,0,1,0,M2d/M2c/il6,M2d-like*
pro-M2c,206,2,0,0,0,0,0,0,0,0,0,0,1,1,0,1,0,0,0,1,1,0,0,0,0,0,0,0,0,0,1,0,1,0,0,0,0,0,0,0,0,0,0,0,1,0,0,1,0,0,0,0,1,0,1,0,0,0,0,1,0,M2d/M2c/il6,M2d-like*
pro-M2c,206,3,0,0,1,0,0,0,0,0,1,0,0,1,0,1,0,0,0,1,0,0,0,0,0,0,0,0,0,0,1,0,1,0,0,0,0,0,0,0,0,0,0,0,1,0,0,1,0,0,0,0,1,1,1,0,0,0,1,0,0,M2d/M2c/il6,M2d-like*
pro-M2c,207,1,0,0,0,0,0,0,0,0,0,0,0,1,0,1,0,0,0,1,0,0,0,0,0,0,0,1,0,0,1,0,1,1,0,0,0,0,0,0,0,0,0,0,1,0,0,1,1,0,0,0,1,0,1,0,0,1,0,1,0,M2d/M2c/il6,M2d-like*
pro-M2c,207,2,0,0,0,0,0,0,0,0,0,0,1,1,0,1,0,0,0,1,1,0,0,0,0,0,0,0,0,0,1,0,1,0,0,0,0,0,0,0,0,0,0,0,1,0,0,1,1,0,0,0,1,0,1,0,0,0,0,1,0,M2d/M2c/il6,M2d-like*
pro-M2c,207,3,0,0,1,0,0,0,0,0,1,0,0,1,0,1,0,0,0,1,0,0,0,0,0,0,0,0,0,0,1,0,1,0,0,0,0,0,0,0,0,0,0,0,1,0,0,1,1,0,0,0,1,1,1,0,0,0,1,0,0,M2d/M2c/il6,M2d-like*
pro-M2c,208,1,1,1,0,0,0,0,0,0,0,0,0,1,0,1,0,0,0,1,0,0,0,0,0,0,0,1,0,0,1,0,1,1,0,0,0,0,0,0,0,0,0,0,1,0,0,1,1,0,0,0,1,0,1,0,0,1,0,1,0,M2d/M2c/il6,M2d-like*
pro-M2c,208,2,1,1,0,0,0,0,0,0,0,0,1,1,0,1,0,0,0,1,1,0,0,0,0,0,0,0,0,0,1,0,1,0,0,0,0,0,0,0,0,0,0,0,1,0,0,1,1,0,0,0,1,0,1,0,0,0,0,1,0,M2d/M2c/il6,M2d-like*
pro-M2c,208,3,1,1,1,0,0,0,0,0,1,0,0,1,0,1,0,0,0,1,0,0,0,0,0,0,0,0,0,0,1,0,1,0,0,0,0,0,0,0,0,0,0,0,1,0,0,1,1,0,0,0,1,1,1,0,0,0,1,0,0,M2d/M2c/il6,M2d-like*
pro-M2d,209,1,1,1,1,1,1,0,1,0,0,0,1,1,0,1,0,1,0,1,0,0,0,0,1,1,0,1,1,0,1,0,1,0,1,0,0,0,0,0,0,0,1,1,1,0,1,0,1,0,0,0,1,0,1,1,0,1,0,1,0,M2d,M2d
pro-M2d,210,1,1,1,1,1,1,0,1,0,0,0,1,1,0,1,0,1,0,1,0,0,0,0,1,1,0,1,1,0,1,0,1,0,1,0,0,0,0,0,0,0,1,1,1,0,1,0,0,0,0,0,1,0,1,1,0,1,0,1,0,M2d,M2d
pro-M2d,211,1,1,1,1,1,1,0,1,0,0,0,0,1,1,1,0,1,0,1,0,0,0,0,1,1,0,0,1,0,1,0,1,0,1,0,0,0,0,0,0,0,1,1,0,0,1,0,1,0,0,0,1,0,1,1,0,1,0,1,0,M2d,M2d
pro-M2d,212,1,1,1,1,1,1,0,1,0,0,0,0,1,1,1,0,1,0,1,0,0,0,0,1,1,0,0,1,0,1,0,1,0,1,0,0,0,0,0,0,0,1,1,0,0,1,0,0,0,0,0,1,0,1,1,0,1,0,1,0,M2d,M2d
pro-M2d,213,1,1,1,1,1,1,0,1,0,0,0,0,1,1,1,0,1,0,1,0,0,1,0,1,1,0,0,1,0,1,0,1,1,1,0,0,1,0,0,0,0,1,1,0,0,1,0,1,0,1,0,1,1,1,1,0,1,0,1,0,M2d,M2d
pro-M2d,214,1,1,1,1,1,1,0,1,0,0,0,0,1,1,1,0,1,0,1,0,0,1,0,1,1,0,0,1,0,1,0,1,1,1,0,0,1,0,0,0,0,1,1,0,0,1,0,0,0,1,0,1,1,1,1,0,1,0,1,0,M2d,M2d
pro-M2d,215,1,0,0,1,1,1,0,1,0,0,0,0,1,1,1,0,1,0,1,0,0,1,0,1,1,0,0,1,0,1,0,1,1,1,0,0,1,0,0,0,0,1,1,0,0,1,0,1,0,1,0,1,1,1,1,0,1,0,1,0,M2d,M2d
pro-M2d,216,1,0,0,1,1,1,0,1,0,0,0,0,1,1,1,0,1,0,1,0,0,1,0,1,1,0,0,1,0,1,0,1,1,1,0,0,1,0,0,0,0,1,1,0,0,1,0,0,0,1,0,1,1,1,1,0,1,0,1,0,M2d,M2d
pro-M2d,217,1,0,0,1,1,1,0,1,0,0,0,0,1,1,1,0,1,0,1,0,0,0,0,1,1,0,0,1,0,1,0,1,0,1,0,0,0,0,0,0,0,1,1,0,0,1,0,1,0,0,0,1,0,1,1,0,1,0,1,0,M2d,M2d
pro-M2d,218,1,0,0,1,1,1,0,1,0,0,0,0,1,1,1,0,1,0,1,0,0,0,0,1,1,0,0,1,0,1,0,1,0,1,0,0,0,0,0,0,0,1,1,0,0,1,0,0,0,0,0,1,0,1,1,0,1,0,1,0,M2d,M2d
pro-M2d,219,1,0,0,1,1,1,0,1,0,0,0,1,1,0,1,0,1,0,1,0,0,0,0,1,1,0,1,1,0,1,0,1,0,1,0,0,0,0,0,0,0,1,1,1,0,1,0,1,0,0,0,1,0,1,1,0,1,0,1,0,M2d,M2d
pro-M2d,220,1,0,0,1,1,1,0,1,0,0,0,1,1,0,1,0,1,0,1,0,0,0,0,1,1,0,1,1,0,1,0,1,0,1,0,0,0,0,0,0,0,1,1,1,0,1,0,0,0,0,0,1,0,1,1,0,1,0,1,0,M2d,M2d
pro-M2d,221,1,0,0,1,1,1,1,1,0,0,0,1,1,0,1,0,1,1,1,0,0,0,0,1,1,0,1,1,0,1,1,1,0,1,0,0,0,0,0,0,0,1,1,1,0,1,0,1,1,0,0,1,0,1,1,0,1,0,1,0,M2d,M2d
pro-M2d,222,1,0,0,1,1,1,1,1,0,0,0,1,1,0,1,0,1,1,1,0,0,0,0,1,1,0,1,1,0,1,1,1,0,1,0,0,0,0,0,0,0,1,1,1,0,1,0,0,1,0,0,1,0,1,1,0,1,0,1,0,M2d,M2d
pro-M2d,223,1,0,0,1,1,1,1,1,0,0,0,0,1,1,1,0,1,1,1,0,0,0,0,1,1,0,0,1,0,1,1,1,0,1,0,0,0,0,0,0,0,1,1,0,0,1,0,1,1,0,0,1,0,1,1,0,1,0,1,0,M2d,M2d
pro-M2d,224,1,0,0,1,1,1,1,1,0,0,0,0,1,1,1,0,1,1,1,0,0,0,0,1,1,0,0,1,0,1,1,1,0,1,0,0,0,0,0,0,0,1,1,0,0,1,0,0,1,0,0,1,0,1,1,0,1,0,1,0,M2d,M2d
pro-M2d,225,1,0,0,1,1,1,1,1,0,0,0,0,1,1,1,0,1,1,1,0,0,1,0,1,1,0,0,1,0,1,1,1,1,1,0,0,1,0,0,0,0,1,1,0,0,1,0,1,1,1,0,1,1,1,1,0,1,0,1,0,M2d,M2d
pro-M2d,226,1,0,0,1,1,1,1,1,0,0,0,0,1,1,1,0,1,1,1,0,0,1,0,1,1,0,0,1,0,1,1,1,1,1,0,0,1,0,0,0,0,1,1,0,0,1,0,0,1,1,0,1,1,1,1,0,1,0,1,0,M2d,M2d
pro-M2d,227,1,1,1,1,1,1,1,1,0,0,0,0,1,1,1,0,1,1,1,0,0,1,0,1,1,0,0,1,0,1,1,1,1,1,0,0,1,0,0,0,0,1,1,0,0,1,0,1,1,1,0,1,1,1,1,0,1,0,1,0,M2d,M2d
pro-M2d,228,1,1,1,1,1,1,1,1,0,0,0,0,1,1,1,0,1,1,1,0,0,1,0,1,1,0,0,1,0,1,1,1,1,1,0,0,1,0,0,0,0,1,1,0,0,1,0,0,1,1,0,1,1,1,1,0,1,0,1,0,M2d,M2d
pro-M2d,229,1,1,1,1,1,1,1,1,0,0,0,0,1,1,1,0,1,1,1,0,0,0,0,1,1,0,0,1,0,1,1,1,0,1,0,0,0,0,0,0,0,1,1,0,0,1,0,1,1,0,0,1,0,1,1,0,1,0,1,0,M2d,M2d
pro-M2d,230,1,1,1,1,1,1,1,1,0,0,0,0,1,1,1,0,1,1,1,0,0,0,0,1,1,0,0,1,0,1,1,1,0,1,0,0,0,0,0,0,0,1,1,0,0,1,0,0,1,0,0,1,0,1,1,0,1,0,1,0,M2d,M2d
pro-M2d,231,1,1,1,1,1,1,1,1,0,0,0,1,1,0,1,0,1,1,1,0,0,0,0,1,1,0,1,1,0,1,1,1,0,1,0,0,0,0,0,0,0,1,1,1,0,1,0,1,1,0,0,1,0,1,1,0,1,0,1,0,M2d,M2d
pro-M2d,232,1,1,1,1,1,1,1,1,0,0,0,1,1,0,1,0,1,1,1,0,0,0,0,1,1,0,1,1,0,1,1,1,0,1,0,0,0,0,0,0,0,1,1,1,0,1,0,0,1,0,0,1,0,1,1,0,1,0,1,0,M2d,M2d
pro-M2d,233,1,0,0,1,1,1,1,1,0,1,0,1,0,0,1,0,1,1,1,1,0,1,0,1,1,0,1,1,0,1,1,0,1,1,0,0,1,0,0,0,0,1,1,1,0,1,0,0,1,0,0,1,1,1,1,1,0,1,0,0,M1M1IL10,M1M1IL10
pro-M2d,234,1,0,0,1,1,1,1,1,0,1,0,1,0,0,1,0,1,1,1,1,0,1,0,1,1,0,1,1,0,1,1,0,1,1,0,0,1,0,0,0,0,1,1,1,0,1,0,0,1,1,0,1,1,1,1,1,0,1,0,0,M1M1IL10,M1M1IL10
pro-M2d,235,1,0,0,1,1,1,1,1,0,1,0,1,0,0,1,0,1,1,1,1,0,1,0,1,1,0,1,1,0,1,1,0,1,1,0,0,1,0,0,0,0,1,1,1,0,1,0,1,1,0,0,1,1,1,1,1,0,1,0,0,M1M1IL10,M1M1IL10
pro-M2d,236,1,0,0,1,1,1,1,1,0,1,0,1,0,0,1,0,1,1,1,1,0,1,0,1,1,0,1,1,0,1,1,0,1,1,0,0,1,0,0,0,0,1,1,1,0,1,0,1,1,1,0,1,1,1,1,1,0,1,0,0,M1M1IL10,M1M1IL10
pro-M2d,237,1,0,0,1,1,1,0,1,0,1,0,1,0,0,1,0,1,0,1,1,0,1,0,1,1,0,1,1,0,1,0,0,1,1,0,0,1,0,0,0,0,1,1,1,0,1,0,1,0,0,0,1,1,1,1,1,0,1,0,0,M1M1IL10,M1M1IL10
pro-M2d,238,1,0,0,1,1,1,0,1,0,1,0,1,0,0,1,0,1,0,1,1,0,1,0,1,1,0,1,1,0,1,0,0,1,1,0,0,1,0,0,0,0,1,1,1,0,1,0,1,0,1,0,1,1,1,1,1,0,1,0,0,M1M1IL10,M1M1IL10
pro-M2d,239,1,0,0,1,1,1,0,1,0,1,0,1,0,0,1,0,1,0,1,1,0,1,0,1,1,0,1,1,0,1,0,0,1,1,0,0,1,0,0,0,0,1,1,1,0,1,0,0,0,0,0,1,1,1,1,1,0,1,0,0,M1M1IL10,M1M1IL10
pro-M2d,240,1,0,0,1,1,1,0,1,0,1,0,1,0,0,1,0,1,0,1,1,0,1,0,1,1,0,1,1,0,1,0,0,1,1,0,0,1,0,0,0,0,1,1,1,0,1,0,0,0,1,0,1,1,1,1,1,0,1,0,0,M1M1IL10,M1M1IL10
pro-M2d,241,1,1,1,1,1,1,1,1,0,1,0,1,0,0,1,0,1,1,1,1,0,1,0,1,1,0,1,1,0,1,1,0,1,1,0,0,1,0,0,0,0,1,1,1,0,1,0,1,1,0,0,1,1,1,1,1,0,1,0,0,M1M1IL10,M1M1IL10
pro-M2d,242,1,1,1,1,1,1,1,1,0,1,0,1,0,0,1,0,1,1,1,1,0,1,0,1,1,0,1,1,0,1,1,0,1,1,0,0,1,0,0,0,0,1,1,1,0,1,0,1,1,1,0,1,1,1,1,1,0,1,0,0,M1M1IL10,M1M1IL10
pro-M2d,243,1,1,1,1,1,1,1,1,0,1,0,1,0,0,1,0,1,1,1,1,0,1,0,1,1,0,1,1,0,1,1,0,1,1,0,0,1,0,0,0,0,1,1,1,0,1,0,0,1,0,0,1,1,1,1,1,0,1,0,0,M1M1IL10,M1M1IL10
pro-M2d,244,1,1,1,1,1,1,1,1,0,1,0,1,0,0,1,0,1,1,1,1,0,1,0,1,1,0,1,1,0,1,1,0,1,1,0,0,1,0,0,0,0,1,1,1,0,1,0,0,1,1,0,1,1,1,1,1,0,1,0,0,M1M1IL10,M1M1IL10
pro-M2d,245,1,1,1,1,1,1,0,1,0,1,0,1,0,0,1,0,1,0,1,1,0,1,0,1,1,0,1,1,0,1,0,0,1,1,0,0,1,0,0,0,0,1,1,1,0,1,0,0,0,0,0,1,1,1,1,1,0,1,0,0,M1M1IL10,M1M1IL10
pro-M2d,246,1,1,1,1,1,1,0,1,0,1,0,1,0,0,1,0,1,0,1,1,0,1,0,1,1,0,1,1,0,1,0,0,1,1,0,0,1,0,0,0,0,1,1,1,0,1,0,1,0,0,0,1,1,1,1,1,0,1,0,0,M1M1IL10,M1M1IL10
pro-M2d,247,1,1,1,1,1,1,0,1,0,1,0,1,0,0,1,0,1,0,1,1,0,1,0,1,1,0,1,1,0,1,0,0,1,1,0,0,1,0,0,0,0,1,1,1,0,1,0,1,0,1,0,1,1,1,1,1,0,1,0,0,M1M1IL10,M1M1IL10
pro-M2d,248,1,1,1,1,1,1,0,1,0,1,0,1,0,0,1,0,1,0,1,1,0,1,0,1,1,0,1,1,0,1,0,0,1,1,0,0,1,0,0,0,0,1,1,1,0,1,0,0,0,1,0,1,1,1,1,1,0,1,0,0,M1M1IL10,M1M1IL10
pro-M2d,249,1,1,1,1,1,1,0,1,0,0,0,1,1,0,1,0,1,0,1,0,0,0,0,1,1,0,1,1,0,1,0,0,1,1,0,0,1,0,0,0,0,1,1,1,0,1,0,1,0,0,1,1,0,1,1,0,1,1,1,1,M2d/M2d/M1M1IL10,M1M1IL10/M2d*
pro-M2d,249,2,1,1,1,1,1,0,1,0,0,0,1,0,0,1,0,1,0,1,1,0,1,0,1,1,0,1,1,0,1,1,1,0,1,0,0,0,0,0,0,0,1,1,1,0,1,0,1,0,0,0,1,0,1,1,0,1,0,1,0,M2d/M2d/M1M1IL10,M1M1IL10/M2d*
pro-M2d,249,3,1,1,1,1,1,1,1,0,1,0,1,1,0,1,1,1,1,1,0,0,0,0,1,1,0,1,1,0,1,0,1,0,1,0,0,0,0,0,0,0,1,1,1,0,1,0,1,0,0,0,1,1,1,1,1,0,1,0,0,M2d/M2d/M1M1IL10,M1M1IL10/M2d*
pro-M2d,250,1,1,1,1,1,1,1,1,0,0,0,1,1,0,1,0,1,1,1,0,0,0,0,1,1,0,1,1,0,1,1,0,1,1,0,0,1,0,0,0,0,1,1,1,0,1,0,0,1,0,1,1,0,1,1,0,1,1,1,1,M2d/M2d/M1M1IL10,M1M1IL10/M2d*
pro-M2d,250,2,1,1,1,1,1,1,1,0,0,0,1,0,0,1,0,1,1,1,1,0,1,0,1,1,0,1,1,0,1,1,1,0,1,0,0,0,0,0,0,0,1,1,1,0,1,0,0,1,0,0,1,0,1,1,0,1,0,1,0,M2d/M2d/M1M1IL10,M1M1IL10/M2d*
pro-M2d,250,3,1,1,1,1,1,1,1,0,1,0,1,1,0,1,1,1,1,1,0,0,0,0,1,1,0,1,1,0,1,1,1,0,1,0,0,0,0,0,0,0,1,1,1,0,1,0,0,1,0,0,1,1,1,1,1,0,1,0,0,M2d/M2d/M1M1IL10,M1M1IL10/M2d*
pro-M2d,251,1,1,1,1,1,1,1,1,0,0,0,1,1,0,1,0,1,1,1,0,0,0,0,1,1,0,1,1,0,1,1,0,1,1,0,0,1,0,0,0,0,1,1,1,0,1,0,1,1,0,1,1,0,1,1,0,1,1,1,1,M2d/M2d/M1M1IL10,M1M1IL10/M2d*
pro-M2d,251,2,1,1,1,1,1,1,1,0,0,0,1,0,0,1,0,1,1,1,1,0,1,0,1,1,0,1,1,0,1,1,1,0,1,0,0,0,0,0,0,0,1,1,1,0,1,0,1,1,0,0,1,0,1,1,0,1,0,1,0,M2d/M2d/M1M1IL10,M1M1IL10/M2d*
pro-M2d,251,3,1,1,1,1,1,1,1,0,1,0,1,1,0,1,1,1,1,1,0,0,0,0,1,1,0,1,1,0,1,1,1,0,1,0,0,0,0,0,0,0,1,1,1,0,1,0,1,1,0,0,1,1,1,1,1,0,1,0,0,M2d/M2d/M1M1IL10,M1M1IL10/M2d*
pro-M2d,252,1,0,0,1,1,1,1,1,0,0,0,1,1,0,1,0,1,1,1,0,0,0,0,1,1,0,1,1,0,1,1,0,1,1,0,0,1,0,0,0,0,1,1,1,0,1,0,1,1,0,1,1,0,1,1,0,1,1,1,1,M2d/M2d/M1M1IL10,M1M1IL10/M2d*
pro-M2d,252,2,0,0,1,1,1,1,1,0,0,0,1,0,0,1,0,1,1,1,1,0,1,0,1,1,0,1,1,0,1,1,1,0,1,0,0,0,0,0,0,0,1,1,1,0,1,0,1,1,0,0,1,0,1,1,0,1,0,1,0,M2d/M2d/M1M1IL10,M1M1IL10/M2d*
pro-M2d,252,3,0,0,1,1,1,1,1,0,1,0,1,1,0,1,1,1,1,1,0,0,0,0,1,1,0,1,1,0,1,1,1,0,1,0,0,0,0,0,0,0,1,1,1,0,1,0,1,1,0,0,1,1,1,1,1,0,1,0,0,M2d/M2d/M1M1IL10,M1M1IL10/M2d*
pro-M2d,253,1,0,0,1,1,1,1,1,0,0,0,1,1,0,1,0,1,1,1,0,0,0,0,1,1,0,1,1,0,1,1,0,1,1,0,0,1,0,0,0,0,1,1,1,0,1,0,0,1,0,1,1,0,1,1,0,1,1,1,1,M2d/M2d/M1M1IL10,M1M1IL10/M2d*
pro-M2d,253,2,0,0,1,1,1,1,1,0,0,0,1,0,0,1,0,1,1,1,1,0,1,0,1,1,0,1,1,0,1,1,1,0,1,0,0,0,0,0,0,0,1,1,1,0,1,0,0,1,0,0,1,0,1,1,0,1,0,1,0,M2d/M2d/M1M1IL10,M1M1IL10/M2d*
pro-M2d,253,3,0,0,1,1,1,1,1,0,1,0,1,1,0,1,1,1,1,1,0,0,0,0,1,1,0,1,1,0,1,1,1,0,1,0,0,0,0,0,0,0,1,1,1,0,1,0,0,1,0,0,1,1,1,1,1,0,1,0,0,M2d/M2d/M1M1IL10,M1M1IL10/M2d*
pro-M2d,254,1,0,0,1,1,1,0,1,0,0,0,1,1,0,1,0,1,0,1,0,0,0,0,1,1,0,1,1,0,1,0,0,1,1,0,0,1,0,0,0,0,1,1,1,0,1,0,1,0,0,1,1,0,1,1,0,1,1,1,1,M2d/M2d/M1M1IL10,M1M1IL10/M2d*
pro-M2d,254,2,0,0,1,1,1,0,1,0,0,0,1,0,0,1,0,1,0,1,1,0,1,0,1,1,0,1,1,0,1,1,1,0,1,0,0,0,0,0,0,0,1,1,1,0,1,0,1,0,0,0,1,0,1,1,0,1,0,1,0,M2d/M2d/M1M1IL10,M1M1IL10/M2d*
pro-M2d,254,3,0,0,1,1,1,1,1,0,1,0,1,1,0,1,1,1,1,1,0,0,0,0,1,1,0,1,1,0,1,0,1,0,1,0,0,0,0,0,0,0,1,1,1,0,1,0,1,0,0,0,1,1,1,1,1,0,1,0,0,M2d/M2d/M1M1IL10,M1M1IL10/M2d*
pro-M2d,255,1,0,0,1,1,1,0,1,0,0,0,1,1,0,1,0,1,0,1,0,0,0,0,1,1,0,1,1,0,1,0,0,1,1,0,0,1,0,0,0,0,1,1,1,0,1,0,0,0,0,1,1,0,1,1,0,1,1,1,1,M2d/M2d/M1M1IL10,M1M1IL10/M2d*
pro-M2d,255,2,0,0,1,1,1,0,1,0,0,0,1,0,0,1,0,1,0,1,1,0,1,0,1,1,0,1,1,0,1,1,1,0,1,0,0,0,0,0,0,0,1,1,1,0,1,0,0,0,0,0,1,0,1,1,0,1,0,1,0,M2d/M2d/M1M1IL10,M1M1IL10/M2d*
pro-M2d,255,3,0,0,1,1,1,1,1,0,1,0,1,1,0,1,1,1,1,1,0,0,0,0,1,1,0,1,1,0,1,0,1,0,1,0,0,0,0,0,0,0,1,1,1,0,1,0,0,0,0,0,1,1,1,1,1,0,1,0,0,M2d/M2d/M1M1IL10,M1M1IL10/M2d*
pro-M2d,256,1,1,1,1,1,1,0,1,0,0,0,1,1,0,1,0,1,0,1,0,0,0,0,1,1,0,1,1,0,1,0,0,1,1,0,0,1,0,0,0,0,1,1,1,0,1,0,0,0,0,1,1,0,1,1,0,1,1,1,1,M2d/M2d/M1M1IL10,M1M1IL10/M2d*
pro-M2d,256,2,1,1,1,1,1,0,1,0,0,0,1,0,0,1,0,1,0,1,1,0,1,0,1,1,0,1,1,0,1,1,1,0,1,0,0,0,0,0,0,0,1,1,1,0,1,0,0,0,0,0,1,0,1,1,0,1,0,1,0,M2d/M2d/M1M1IL10,M1M1IL10/M2d*
pro-M2d,256,3,1,1,1,1,1,1,1,0,1,0,1,1,0,1,1,1,1,1,0,0,0,0,1,1,0,1,1,0,1,0,1,0,1,0,0,0,0,0,0,0,1,1,1,0,1,0,0,0,0,0,1,1,1,1,1,0,1,0,0,M2d/M2d/M1M1IL10,M1M1IL10/M2d*
mixed,257,1,1,1,0,1,1,0,1,1,1,1,0,1,0,1,0,1,0,1,0,0,1,1,1,1,0,0,1,0,1,0,1,1,0,0,1,1,1,0,0,0,1,0,1,1,0,0,1,0,1,0,1,1,1,1,0,0,0,1,0,M2a,M2a
mixed,258,1,1,1,0,1,1,0,1,1,1,1,0,1,0,1,0,1,0,1,0,0,1,1,1,1,0,0,1,0,1,0,1,1,0,0,1,1,1,0,0,0,1,0,1,1,0,0,0,0,1,0,1,1,1,1,0,0,0,1,0,M2a,M2a
mixed,259,1,1,1,0,1,1,0,1,1,1,1,0,1,1,1,0,1,0,1,0,0,1,1,1,1,0,0,1,0,1,0,1,1,0,0,1,1,1,0,0,0,1,0,0,1,0,0,1,0,1,0,1,1,1,1,0,0,0,1,0,M2a,M2a
mixed,260,1,1,1,0,1,1,0,1,1,1,1,0,1,1,1,0,1,0,1,0,0,1,1,1,1,0,0,1,0,1,0,1,1,0,0,1,1,1,0,0,0,1,0,0,1,0,0,0,0,1,0,1,1,1,1,0,0,0,1,0,M2a,M2a
mixed,261,1,1,1,0,1,1,0,1,1,1,1,0,1,1,1,0,1,0,1,0,0,0,1,1,1,0,0,1,0,1,0,1,1,0,0,1,0,1,0,0,0,1,0,0,1,0,0,1,0,0,0,1,0,1,1,0,0,0,1,0,M2a,M2a
mixed,262,1,1,1,0,1,1,0,1,1,1,1,0,1,1,1,0,1,0,1,0,0,0,1,1,1,0,0,1,0,1,0,1,1,0,0,1,0,1,0,0,0,1,0,0,1,0,0,0,0,0,0,1,0,1,1,0,0,0,1,0,M2a,M2a
mixed,263,1,1,1,0,1,1,0,1,1,1,1,0,1,0,1,0,1,0,1,0,0,0,1,1,1,0,0,1,0,1,0,1,1,0,0,1,0,1,0,0,0,1,0,1,1,0,0,1,0,0,0,1,0,1,1,0,0,0,1,0,M2a,M2a
mixed,264,1,1,1,0,1,1,0,1,1,1,1,0,1,0,1,0,1,0,1,0,0,0,1,1,1,0,0,1,0,1,0,1,1,0,0,1,0,1,0,0,0,1,0,1,1,0,0,0,0,0,0,1,0,1,1,0,0,0,1,0,M2a,M2a
mixed,265,1,1,1,0,1,1,1,1,1,1,1,0,1,0,1,0,1,1,1,0,0,0,1,1,1,0,0,1,0,1,1,1,1,0,0,1,0,1,0,0,0,1,0,1,1,0,0,1,1,0,0,1,0,1,1,0,0,0,1,0,M2a,M2a
mixed,266,1,1,1,0,1,1,1,1,1,1,1,0,1,0,1,0,1,1,1,0,0,0,1,1,1,0,0,1,0,1,1,1,1,0,0,1,0,1,0,0,0,1,0,1,1,0,0,0,1,0,0,1,0,1,1,0,0,0,1,0,M2a,M2a
mixed,267,1,1,1,0,1,1,1,1,1,1,1,0,1,1,1,0,1,1,1,0,0,0,1,1,1,0,0,1,0,1,1,1,1,0,0,1,0,1,0,0,0,1,0,0,1,0,0,1,1,0,0,1,0,1,1,0,0,0,1,0,M2a,M2a
mixed,268,1,1,1,0,1,1,1,1,1,1,1,0,1,1,1,0,1,1,1,0,0,0,1,1,1,0,0,1,0,1,1,1,1,0,0,1,0,1,0,0,0,1,0,0,1,0,0,0,1,0,0,1,0,1,1,0,0,0,1,0,M2a,M2a
mixed,269,1,1,1,0,1,1,1,1,1,1,1,0,1,1,1,0,1,1,1,0,0,1,1,1,1,0,0,1,0,1,1,1,1,0,0,1,1,1,0,0,0,1,0,0,1,0,0,1,1,1,0,1,1,1,1,0,0,0,1,0,M2a,M2a
mixed,270,1,1,1,0,1,1,1,1,1,1,1,0,1,1,1,0,1,1,1,0,0,1,1,1,1,0,0,1,0,1,1,1,1,0,0,1,1,1,0,0,0,1,0,0,1,0,0,0,1,1,0,1,1,1,1,0,0,0,1,0,M2a,M2a
mixed,271,1,1,1,0,1,1,1,1,1,1,1,0,1,0,1,0,1,1,1,0,0,1,1,1,1,0,0,1,0,1,1,1,1,0,0,1,1,1,0,0,0,1,0,1,1,0,0,1,1,1,0,1,1,1,1,0,0,0,1,0,M2a,M2a
mixed,272,1,1,1,0,1,1,1,1,1,1,1,0,1,0,1,0,1,1,1,0,0,1,1,1,1,0,0,1,0,1,1,1,1,0,0,1,1,1,0,0,0,1,0,1,1,0,0,0,1,1,0,1,1,1,1,0,0,0,1,0,M2a,M2a
mixed,273,1,0,0,1,1,1,1,1,0,1,0,1,0,0,1,0,1,1,1,1,0,1,0,1,1,0,1,1,0,1,1,0,1,0,0,1,1,1,0,0,0,1,0,1,1,0,0,0,1,0,0,1,1,1,1,1,0,1,0,0,M1M1IL10,M1M1IL10
mixed,274,1,0,0,1,1,1,1,1,0,1,0,1,0,0,1,0,1,1,1,1,0,1,0,1,1,0,1,1,0,1,1,0,1,0,0,1,1,1,0,0,0,1,0,1,1,0,0,0,1,1,0,1,1,1,1,1,0,1,0,0,M1M1IL10,M1M1IL10
mixed,275,1,0,0,1,1,1,1,1,0,1,0,1,0,0,1,0,1,1,1,1,0,1,0,1,1,0,1,1,0,1,1,0,1,0,0,1,1,1,0,0,0,1,0,1,1,0,0,1,1,0,0,1,1,1,1,1,0,1,0,0,M1M1IL10,M1M1IL10
mixed,276,1,0,0,1,1,1,1,1,0,1,0,1,0,0,1,0,1,1,1,1,0,1,0,1,1,0,1,1,0,1,1,0,1,0,0,1,1,1,0,0,0,1,0,1,1,0,0,1,1,1,0,1,1,1,1,1,0,1,0,0,M1M1IL10,M1M1IL10
mixed,277,1,0,0,1,1,1,0,1,0,1,0,1,0,0,1,0,1,0,1,1,0,1,0,1,1,0,1,1,0,1,0,0,1,0,0,1,1,1,0,0,0,1,0,1,1,0,0,1,0,0,0,1,1,1,1,1,0,1,0,0,M1M1IL10,M1M1IL10
mixed,278,1,0,0,1,1,1,0,1,0,1,0,1,0,0,1,0,1,0,1,1,0,1,0,1,1,0,1,1,0,1,0,0,1,0,0,1,1,1,0,0,0,1,0,1,1,0,0,1,0,1,0,1,1,1,1,1,0,1,0,0,M1M1IL10,M1M1IL10
mixed,279,1,0,0,1,1,1,0,1,0,1,0,1,0,0,1,0,1,0,1,1,0,1,0,1,1,0,1,1,0,1,0,0,1,0,0,1,1,1,0,0,0,1,0,1,1,0,0,0,0,0,0,1,1,1,1,1,0,1,0,0,M1M1IL10,M1M1IL10
mixed,280,1,0,0,1,1,1,0,1,0,1,0,1,0,0,1,0,1,0,1,1,0,1,0,1,1,0,1,1,0,1,0,0,1,0,0,1,1,1,0,0,0,1,0,1,1,0,0,0,0,1,0,1,1,1,1,1,0,1,0,0,M1M1IL10,M1M1IL10
mixed,281,1,1,1,1,1,1,1,1,0,1,0,1,0,0,1,0,1,1,1,1,0,1,0,1,1,0,1,1,0,1,1,0,1,0,0,1,1,1,0,0,0,1,0,1,1,0,0,0,1,0,0,1,1,1,1,1,0,1,0,0,M1M1IL10,M1M1IL10
mixed,282,1,1,1,1,1,1,1,1,0,1,0,1,0,0,1,0,1,1,1,1,0,1,0,1,1,0,1,1,0,1,1,0,1,0,0,1,1,1,0,0,0,1,0,1,1,0,0,0,1,1,0,1,1,1,1,1,0,1,0,0,M1M1IL10,M1M1IL10
mixed,283,1,1,1,1,1,1,1,1,0,1,0,1,0,0,1,0,1,1,1,1,0,1,0,1,1,0,1,1,0,1,1,0,1,0,0,1,1,1,0,0,0,1,0,1,1,0,0,1,1,0,0,1,1,1,1,1,0,1,0,0,M1M1IL10,M1M1IL10
mixed,284,1,1,1,1,1,1,1,1,0,1,0,1,0,0,1,0,1,1,1,1,0,1,0,1,1,0,1,1,0,1,1,0,1,0,0,1,1,1,0,0,0,1,0,1,1,0,0,1,1,1,0,1,1,1,1,1,0,1,0,0,M1M1IL10,M1M1IL10
mixed,285,1,1,1,1,1,1,1,1,1,1,1,1,0,0,1,0,1,1,1,1,0,1,1,1,1,0,1,1,0,1,1,0,1,0,0,1,1,1,0,0,0,1,0,1,1,0,0,0,1,0,0,1,1,1,1,1,0,1,0,0,M1M1IL10,M1M1IL10
mixed,286,1,1,1,1,1,1,1,1,1,1,1,1,0,0,1,0,1,1,1,1,0,1,1,1,1,0,1,1,0,1,1,0,1,0,0,1,1,1,0,0,0,1,0,1,1,0,0,0,1,1,0,1,1,1,1,1,0,1,0,0,M1M1IL10,M1M1IL10
mixed,287,1,1,1,1,1,1,1,1,1,1,1,1,0,0,1,0,1,1,1,1,0,1,1,1,1,0,1,1,0,1,1,0,1,0,0,1,1,1,0,0,0,1,0,1,1,0,0,1,1,0,0,1,1,1,1,1,0,1,0,0,M1M1IL10,M1M1IL10
mixed,288,1,1,1,1,1,1,1,1,1,1,1,1,0,0,1,0,1,1,1,1,0,1,1,1,1,0,1,1,0,1,1,0,1,0,0,1,1,1,0,0,0,1,0,1,1,0,0,1,1,1,0,1,1,1,1,1,0,1,0,0,M1M1IL10,M1M1IL10
mixed,289,1,1,1,1,1,1,0,1,1,1,1,1,0,0,1,0,1,0,1,1,0,1,1,1,1,0,1,1,0,1,0,0,1,0,0,1,1,1,0,0,0,1,0,1,1,0,0,1,0,0,0,1,1,1,1,1,0,1,0,0,M1M1IL10,M1M1IL10
mixed,290,1,1,1,1,1,1,0,1,1,1,1,1,0,0,1,0,1,0,1,1,0,1,1,1,1,0,1,1,0,1,0,0,1,0,0,1,1,1,0,0,0,1,0,1,1,0,0,1,0,1,0,1,1,1,1,1,0,1,0,0,M1M1IL10,M1M1IL10
mixed,291,1,1,1,1,1,1,0,1,1,1,1,1,0,0,1,0,1,0,1,1,0,1,1,1,1,0,1,1,0,1,0,0,1,0,0,1,1,1,0,0,0,1,0,1,1,0,0,0,0,0,0,1,1,1,1,1,0,1,0,0,M1M1IL10,M1M1IL10
mixed,292,1,1,1,1,1,1,0,1,1,1,1,1,0,0,1,0,1,0,1,1,0,1,1,1,1,0,1,1,0,1,0,0,1,0,0,1,1,1,0,0,0,1,0,1,1,0,0,0,0,1,0,1,1,1,1,1,0,1,0,0,M1M1IL10,M1M1IL10
mixed,293,1,1,1,1,1,1,0,1,0,1,0,1,0,0,1,0,1,0,1,1,0,1,0,1,1,0,1,1,0,1,0,0,1,0,0,1,1,1,0,0,0,1,0,1,1,0,0,0,0,0,0,1,1,1,1,1,0,1,0,0,M1M1IL10,M1M1IL10
mixed,294,1,1,1,1,1,1,0,1,0,1,0,1,0,0,1,0,1,0,1,1,0,1,0,1,1,0,1,1,0,1,0,0,1,0,0,1,1,1,0,0,0,1,0,1,1,0,0,1,0,0,0,1,1,1,1,1,0,1,0,0,M1M1IL10,M1M1IL10
mixed,295,1,1,1,1,1,1,0,1,0,1,0,1,0,0,1,0,1,0,1,1,0,1,0,1,1,0,1,1,0,1,0,0,1,0,0,1,1,1,0,0,0,1,0,1,1,0,0,1,0,1,0,1,1,1,1,1,0,1,0,0,M1M1IL10,M1M1IL10
mixed,296,1,1,1,1,1,1,0,1,0,1,0,1,0,0,1,0,1,0,1,1,0,1,0,1,1,0,1,1,0,1,0,0,1,0,0,1,1,1,0,0,0,1,0,1,1,0,0,0,0,1,0,1,1,1,1,1,0,1,0,0,M1M1IL10,M1M1IL10
